-- AUTO-GENERATED by scripts/gen_seed_from_csv.py — do not edit by hand.
-- Real Airtable data. Run AFTER 0001_phase1_schema.sql.

begin;
truncate table public.lesson_events, public.lesson_tutor_offers, public.lessons, public.courses, public.teachers, public.schools restart identity cascade;

insert into public.schools (school_id, school_name, tutor_availability_submissions, tutor_availability_slots) values
('SCH001', 'Vinci AI Academy', NULL, NULL),
('SCH002', 'TechBridge Institute', 'SUB-N2JTIZ0B', 'SLT-LORN5S'),
('SCH003', 'InnovateEd School of Engineering', NULL, NULL),
('SCH004', 'NextGen STEM Center', NULL, NULL),
('SCH005', 'Quantum Leap Learning Hub', NULL, NULL),
('SCH-20260522-TC01', 'Sunrise Academy', 'SUB-SO2OT0KG', 'SLT-OV5R_Y'),
('SCH-20260522-TC08', 'Horizon Learning Centre', 'SUB-BHQ8QTP9', 'SLT-UDPMIT'),
('1898028', '九龍塘學校 (中學部)', NULL, NULL),
('1982446', '聖文德天主教小學 (慈雲山）', NULL, NULL),
('2013829', '軒尼詩道官立小學 (銅鑼灣)', NULL, NULL),
('1846065', 'HKPC Academy', NULL, NULL),
('2137061', 'Cyberport Activities', NULL, NULL),
('2167354', 'JPC AI Training', NULL, NULL),
('2125232', 'Education City', NULL, NULL),
('1802955', 'Vinci AI Easter Boot Camp', NULL, NULL),
('2179129', 'The Hong Kong Federation of Youth Groups', NULL, NULL),
('1823156', 'China Mobile Limited', NULL, NULL),
('2129669', 'Women Employment Programme (5th cohort)', NULL, NULL),
('1820212', 'Vinci AI Regular course', NULL, NULL),
('1925462', 'Singapore International School', NULL, NULL),
('2187140', 'St. Margaret''s Co-Educational English Secondary And Primary School', NULL, NULL),
('2137057', 'Asbury Methodist Social Service', NULL, NULL),
('1839596', 'Vinci AI Summer Boot Camp', NULL, NULL),
('1918514', 'Saint Francis University', NULL, NULL),
('2141788', 'Hong Kong University', NULL, NULL),
('1658088', '何文田 Vinci AI', NULL, NULL),
('1675278', '康怡 Vinci AI', NULL, NULL),
('1792435', 'Mcqueen Plus Weekend course', NULL, NULL),
('1792436', 'AI Art Weekend Course', NULL, NULL),
('1811817', 'Vinci AI Weekend trial Lesson', NULL, NULL),
('1648783', '保良局何蔭堂 中學', NULL, NULL),
('1648790', '天主教伍華 中學', NULL, NULL),
('1648795', '鄧英喜 中學', NULL, NULL),
('1648796', '余振強 中學', NULL, NULL),
('1649708', '聖公會白約翰會督 中學', NULL, NULL),
('1691334', '十八鄉鄉事委員會公益社 中學', NULL, NULL),
('1696209', '德愛 中學', NULL, NULL),
('1714040', '張祝珊英文 中學', NULL, NULL),
('1718654', '聖伯多祿 中學', NULL, NULL),
('1725283', '麗澤中學 中學', NULL, NULL),
('1756935', '王肇枝中學 中學', NULL, NULL),
('1765197', '惠僑英文中學 中學', NULL, NULL),
('1770025', '聖公會白約翰會督中學 中學', NULL, NULL),
('1772613', '馬鞍山聖若瑟 中學', NULL, NULL),
('1779129', '將軍澳官立中學 中學', NULL, NULL),
('1784987', '佛教葉紀南紀念 中學', NULL, NULL),
('1798809', '天水圍循道衛理 中學', NULL, NULL),
('1802941', '石籬天主教中學 中學', NULL, NULL),
('1805160', '紡織學會美國商會胡漢輝 中學', NULL, NULL),
('1817151', '潔心林炳炎中學 中學', NULL, NULL),
('1821166', '惠僑英文中學 中學', NULL, NULL),
('1829436', '鄧鏡波學校 中學', NULL, NULL),
('1836204', '聖安當女書院 中學', NULL, NULL),
('1848676', '萬鈞伯裘書院 中學', NULL, NULL),
('1897253', '樂善堂楊葛小琳 中學', NULL, NULL),
('1898009', '粉嶺官立 中學', NULL, NULL),
('1899663', '培英 中學', NULL, NULL),
('1910980', '港澳信會慕德 中學', NULL, NULL),
('1913430', '順德聯誼總會翁祐 中學', NULL, NULL),
('1916361', '啟思 中學', NULL, NULL),
('1924368', '香港教師會李興貴 中學', NULL, NULL),
('1942991', '中華傳道會安柱 中學', NULL, NULL),
('2004119', '賽馬會體藝 中學', NULL, NULL),
('2016440', '香港教育工作者聯會黃楚標 中學', NULL, NULL),
('2017017', '中華基督教會基新 中學', NULL, NULL),
('2017465', '新界鄉議局大城市埔區 中學', NULL, NULL),
('2017468', '新界鄉議局⼤埔區 中學', NULL, NULL),
('2027800', '元朗公立中學校友會鄧兆棠 中學', NULL, NULL),
('2034744', '東華三院張明添 中學', NULL, NULL),
('2041240', '澳門慈幼 中學', NULL, NULL),
('2049302', '保良局胡忠 中學', NULL, NULL),
('2051118', '聖公會李福慶 中學', NULL, NULL),
('2053960', '漢華 中學', NULL, NULL),
('2071067', '沙田崇真 中學', NULL, NULL),
('2122410', '新生命教育協會平安福音 中學', NULL, NULL),
('2123586', '元朗商會 中學', NULL, NULL),
('2123596', '順德聯誼會總會李兆基 中學', NULL, NULL),
('2127576', '寧波第二 中學', NULL, NULL),
('2128117', '聖公會鄧肇堅 中學', NULL, NULL),
('2128132', '田家炳 中學', NULL, NULL),
('2166888', '路德會呂祥光 中學', NULL, NULL),
('2191735', '馬鞍山崇真 中學', NULL, NULL),
('2223427', '青松侯寶垣 中學', NULL, NULL),
('2223437', '長洲官立 中學', NULL, NULL),
('2230803', '中華基督教青年會 中學', NULL, NULL),
('2233074', '瑪利諾 中學', NULL, NULL),
('2241161', '香港中國婦女會馮堯敬紀念 中學', NULL, NULL),
('2242881', '中華傳道會劉永生 中學', NULL, NULL),
('2242885', '沙田循道衞理 中學', NULL, NULL),
('1821733', '西貢崇真天主教學校 中學部', NULL, NULL),
('1740700', '中大學能提升研究 中心', NULL, NULL),
('2170259', '香港青年協會持續進修 中心', NULL, NULL),
('2232583', '大灣區共同家園青年 公益基金', NULL, NULL),
('1790051', '香港青年協會 協會', NULL, NULL),
('1671929', 'Oxbridge 國際學校', NULL, NULL),
('1696206', 'Kingston 國際學校', NULL, NULL),
('1985397', '東華三院方樹泉長者 地區中心', NULL, NULL),
('1813685', '中學 培僑', NULL, NULL),
('1964345', '生涯規劃 基地', NULL, NULL),
('1747031', '香港教育 大學', NULL, NULL),
('1948598', '嶺南 大學', NULL, NULL),
('2110926', '香港都會 大學', NULL, NULL),
('1649717', '聖家 學校', NULL, NULL),
('1691335', '慈幼英文 學校', NULL, NULL),
('1696202', '聖安多尼 學校', NULL, NULL),
('1696211', '香港紅十字會醫院 學校', NULL, NULL),
('1731012', '地利亞修女紀念 學校', NULL, NULL),
('1754941', '禮賢會恩慈 學校', NULL, NULL),
('1790642', '紅十字會醫院 學校', NULL, NULL),
('1795634', '聖安多尼 學校', NULL, NULL),
('1797454', '香港教育工作者聯會黃楚標 學校', NULL, NULL),
('1797455', '寶血會伍季明紀念 學校', NULL, NULL),
('1797460', '旅港開平商會 學校', NULL, NULL),
('1812936', '新會商會港青基信 學校', NULL, NULL),
('1837940', '北角循道學校 學校', NULL, NULL),
('1845546', '杯澳公立 學校', NULL, NULL),
('1845554', '匡智元朗晨樂 學校', NULL, NULL),
('1872035', '基督教香港信義會馬鞍山信義 學校', NULL, NULL),
('1926892', '基督教香港信義會葵盛信義 學校', NULL, NULL),
('1942966', '基督教香港信義會紅磡信義 學校', NULL, NULL),
('1961967', '林村公立黃福鑾紀念 學校', NULL, NULL),
('1979893', '石湖墟公立 學校', NULL, NULL),
('1984250', '合一堂 學校', NULL, NULL),
('1989245', '沙田靈光幼兒 學校', NULL, NULL),
('2004050', '丹拿山循道 學校', NULL, NULL),
('2014440', '匡智翠林晨崗 學校', NULL, NULL),
('2091997', '李志達紀念 學校', NULL, NULL),
('2118971', '香港基教女青年會隆亨幼兒 學校', NULL, NULL),
('2154097', '匡智元朗晨曦 學校', NULL, NULL),
('2185194', '慈航 學校', NULL, NULL),
('2219049', '基督教中國佈道會聖道 學校', NULL, NULL),
('2219061', '荃灣商會 學校', NULL, NULL),
('2238425', '郭怡雅神父紀念 學校', NULL, NULL),
('2242883', '瑪利諾神父教會 學校', NULL, NULL),
('2125238', '香港資優教育 學苑', NULL, NULL),
('1846774', '香港可持續發展教育 學院', NULL, NULL),
('2010393', '浸會大學國際 學院', NULL, NULL),
('1699044', '坪石天主教 小學', NULL, NULL),
('1718656', '筲箕灣官立 小學', NULL, NULL),
('1718686', '官立嘉道理爵士 小學', NULL, NULL),
('1719832', '保良局林文燦英文 小學', NULL, NULL),
('1721533', '大澳小學 小學', NULL, NULL),
('1722271', '保良局田家炳小學 小學', NULL, NULL),
('1730967', '保良局陸慶濤小學 小學', NULL, NULL),
('1743035', '博愛醫院歷屆總理聯誼會梁省德學校 小學', NULL, NULL),
('1749100', '香港道教聯合會純陽 小學', NULL, NULL),
('1749637', '聖公會主愛 小學', NULL, NULL),
('1749638', '仁濟醫院陳耀星 小學', NULL, NULL),
('1752480', '藍田循道衛理 小學', NULL, NULL),
('1769973', '南丫島北段公立 小學', NULL, NULL),
('1776910', '聖愛德華天主教 小學', NULL, NULL),
('1777711', '聖公會聖提摩太小學 小學', NULL, NULL),
('1797452', '路德會呂祥光 小學', NULL, NULL),
('1797456', '中華基督教會基法 小學', NULL, NULL),
('1797457', '保良局雨川 小學', NULL, NULL),
('1797458', '港澳信義會明道 小學', NULL, NULL),
('1797459', '聖公會基德 小學', NULL, NULL),
('1813618', '荃灣天主教 小學', NULL, NULL),
('1821736', '順德聯誼總會李金 小學', NULL, NULL),
('1830782', '油蔴地天主教 小學', NULL, NULL),
('1836231', '獻主會小學 小學', NULL, NULL),
('1852682', '基督教香港信義會馬鞍山信義學校 小學', NULL, NULL),
('1872565', '東華三院冼次雲 小學', NULL, NULL),
('1882675', '慈幼葉漢 小學', NULL, NULL),
('1884216', '聖公會呂明才紀念 小學', NULL, NULL),
('1889644', '港澳信義會明道 小學', NULL, NULL),
('1890582', '天主教善導 小學', NULL, NULL),
('1895873', '香港培正 小學', NULL, NULL),
('1898052', '佛教林金殿紀念 小學', NULL, NULL),
('1909373', '沙田循道衛理 小學', NULL, NULL),
('1910791', '協恩中學附屬 小學', NULL, NULL),
('1920729', '聖公會將軍澳基德 小學', NULL, NULL),
('1924533', '聖公會聖彼得 小學', NULL, NULL),
('1942983', '馬鞍山靈糧 小學', NULL, NULL),
('1946502', '保良局田家炳 小學', NULL, NULL),
('1946532', '聖公會聖提摩太 小學', NULL, NULL),
('1957581', '喇沙 小學', NULL, NULL),
('1960463', '元朗官立 小學', NULL, NULL),
('1984791', '聖公會牧愛 小學', NULL, NULL),
('1989286', '循理會白普理基金循理 小學', NULL, NULL),
('1989287', '循 小學', NULL, NULL),
('1989912', '石籬聖若望天主教 小學', NULL, NULL),
('1990620', '英皇書院同學會 小學', NULL, NULL),
('1991370', '聖公會奉基千禧 小學', NULL, NULL),
('1994865', '大角嘴天主教 小學', NULL, NULL),
('2005391', '中華基督教會大澳 小學', NULL, NULL),
('2005610', '民生書院 小學', NULL, NULL),
('2064829', '九龍塘官立 小學', NULL, NULL),
('2087711', '聖公會置富始南 小學', NULL, NULL),
('2087722', '聖安當 小學', NULL, NULL),
('2091958', '李鄭屋官立 小學', NULL, NULL),
('2091965', '九龍灣聖約翰天主教 小學', NULL, NULL),
('2091987', '伊斯蘭鮑伯濤紀念 小學', NULL, NULL),
('2092009', '東華三院馬錦燦紀念 小學', NULL, NULL),
('2092017', '聖公會基樂 小學', NULL, NULL),
('2092039', '元朗公立中學校友會 小學', NULL, NULL),
('2092791', '海怡寶血 小學', NULL, NULL),
('2094216', '保良局田家炳千禧 小學', NULL, NULL),
('2123609', '秀茂坪天主教 小學', NULL, NULL),
('2143719', '聖公會聖雅各 小學', NULL, NULL),
('2150008', '保良局雨川 小學', NULL, NULL),
('2156089', '五旬節于良發 小學', NULL, NULL),
('2156127', '將軍澳官立 小學', NULL, NULL),
('2189957', '南元朗官立 小學', NULL, NULL),
('2208217', '東華三院羅裕積 小學', NULL, NULL),
('2215622', '順德聯誼總會伍冕端 小學', NULL, NULL),
('2243897', '聖公會仁立紀念 小學', NULL, NULL),
('1982442', '聖博德天主教 小學(蒲崗村道)', NULL, NULL),
('2242882', 'MK 少年警訊', NULL, NULL),
('2160718', 'AI 藝術節 工作坊', NULL, NULL),
('2137051', '循道衛理聯合 教會', NULL, NULL),
('1844628', '未來 教育', NULL, NULL),
('1846046', '诺骅 教育', NULL, NULL),
('2238472', '同行 文化', NULL, NULL),
('1801768', '聖文德 書院', NULL, NULL),
('1868345', '五旬節聖潔會永光 書院', NULL, NULL),
('1899662', '香港華人基督教聯會真道 書院', NULL, NULL),
('1913375', '培基 書院', NULL, NULL),
('2014443', '播道 書院', NULL, NULL),
('2110912', '聖母 書院', NULL, NULL),
('2128123', '港島民生 書院', NULL, NULL),
('2137065', '青年會 書院', NULL, NULL),
('2179121', '香港浸信會呂明才 書院', NULL, NULL),
('2223434', '聖芳濟 書院', NULL, NULL),
('2243879', '中華基督教會蒙民偉 書院', NULL, NULL),
('1959654', '培僑 書院 (小學)', NULL, NULL),
('1777874', 'YMCA石硤尾 會所', NULL, NULL),
('2041366', 'YMCA佐敦 會所', NULL, NULL),
('1999527', '中銀香港 有限公司', NULL, NULL),
('2243401', '東華三院青年創業 服務', NULL, NULL),
('1928560', '青少年 服務處', NULL, NULL),
('1913438', '香港青年協會 李兆基書院', NULL, NULL),
('2191728', '東華三院 東蒲', NULL, NULL),
('1928550', '共創明Teen 校友會', NULL, NULL),
('1844772', '研學 沈青老師', NULL, NULL),
('1909375', '聖雅各 福群會', NULL, NULL),
('2238461', '明愛賽馬會石塘咀青少年 綜合服務', NULL, NULL),
('2229029', '香港青年獎勵 計劃', NULL, NULL),
('1730985', 'VTC 訓練局', NULL, NULL),
('2247883', '香港仔坊會 賽馬會綜合服務處', NULL, NULL),
('1901232', '港專 院校', NULL, NULL),
('2177872', '香港 青少年服務處', NULL, NULL),
('1675221', '小童群益會 非牟利機構', NULL, NULL),
('1745294', '教育城 香港', NULL, NULL),
('2035396', 'YWCA 香港基督教女青年會', NULL, NULL),
('1946499', 'RTHK 香港電台', NULL, NULL),
('1882532', '中華基督教會基華小學 （九龍塘)', NULL, NULL),
('1874718', '大角嘴天主教小學 （海帆道）', NULL, NULL),
('2011979', '軒尼詩道官立小學 （銅鑼灣）', NULL, NULL);

insert into public.teachers (teacher_id, teacher_name, email, whatsapp_number, status, availability_description, tutor_rate, ta_rate, active_status, hours_score, skill_score, reliability_score, sick_leave_count, reschedule_count, availability_slots, lessons_assigned_number, background, courses_can_teach, skill_matches, cv_link, last_score_updated, completed_teaching_hours, last_completed_lesson_date, inactivity_penalty_applied, score_last_updated) values
('TCH-001', 'Tiffany Yeung', NULL, '85252408480', 'Active', NULL, 300.0, 150.0, 1, 90.0, 5.0, 95.0, 0, 0, 10, NULL, NULL, NULL, NULL, NULL, '2026-05-22 14:52', 21.0, '2026-05-26', NULL, '2026-05-29 14:14'),
('TCH-002', 'Kelly Chan', NULL, '85252408480', 'Active', NULL, 100.0, 50.0, 1, 0.0, 5.0, 5.0, 0, 0, 2, NULL, NULL, NULL, NULL, NULL, '2026-05-22 14:52', 0.0, NULL, TRUE, '2026-05-29 14:14'),
('TCH-003', 'Kar Tung Mak', NULL, '85252408480', 'Active', NULL, 100.0, 50.0, 1, 0.0, 5.0, 5.0, 0, 0, 2, NULL, NULL, NULL, NULL, NULL, '2026-05-22 14:52', 0.0, NULL, TRUE, '2026-05-29 14:14'),
('TCH-004', 'Yannie Fong', NULL, '85252408480', 'Active', NULL, 100.0, 50.0, 1, 0.0, 5.0, 5.0, 0, 0, 2, NULL, NULL, NULL, NULL, NULL, '2026-05-22 14:52', 0.0, NULL, TRUE, '2026-05-29 14:14'),
('TCH-005', 'Yves Lee', NULL, '85252408480', 'Active', NULL, 100.0, 50.0, 1, 0.0, 5.0, 5.0, 0, 0, 2, NULL, NULL, NULL, NULL, NULL, '2026-05-22 14:52', 0.0, NULL, TRUE, '2026-05-29 14:14'),
('TCH-006', 'Ng Chau Yi, Sharon', NULL, '85252408480', 'Active', NULL, 100.0, 50.0, 1, 0.0, 5.0, 5.0, 0, 0, 2, NULL, NULL, NULL, NULL, NULL, '2026-05-22 14:52', 0.0, NULL, TRUE, '2026-05-29 14:14'),
('TCH-007', 'Kiri Cheng', NULL, '85252408480', 'Active', NULL, 100.0, 50.0, 1, 0.0, 5.0, 5.0, 0, 0, 2, NULL, NULL, NULL, NULL, NULL, '2026-05-22 14:52', 0.0, NULL, TRUE, '2026-05-29 14:14'),
('TCH-008', 'Tim Man', NULL, '85252408480', 'Active', NULL, 100.0, 50.0, 1, 0.0, 5.0, 5.0, 0, 0, 2, NULL, NULL, NULL, NULL, NULL, '2026-05-22 14:52', 0.0, NULL, TRUE, '2026-05-29 14:14'),
('TCH-009', 'Chloe Jim', NULL, '85252408480', 'Active', NULL, 100.0, 50.0, 1, 0.0, 5.0, 5.0, 0, 0, 2, NULL, NULL, NULL, NULL, NULL, '2026-05-22 14:52', 0.0, NULL, TRUE, '2026-05-29 14:14'),
('TCH-010', 'Jason Mak', NULL, '85252408480', 'Active', NULL, 100.0, 50.0, 1, 0.0, 5.0, 5.0, 0, 0, 2, NULL, NULL, NULL, NULL, NULL, '2026-05-22 14:52', 0.0, NULL, TRUE, '2026-05-29 14:14'),
('TCH-011', 'Adyen Ho', NULL, '85252408480', 'Active', NULL, 100.0, 50.0, 1, 0.0, 5.0, 5.0, 0, 0, 2, NULL, NULL, NULL, NULL, NULL, '2026-05-22 14:52', 0.0, NULL, TRUE, '2026-05-29 14:14'),
('TCH-012', 'Wing Huang', NULL, '85252408480', 'Active', NULL, 100.0, 50.0, 1, 8.0, 5.0, 13.0, 0, 0, 2, NULL, NULL, NULL, NULL, NULL, '2026-05-22 14:52', 1.5, '2026-05-26', NULL, '2026-05-29 14:14'),
('TCH-013', 'Joyce Chan', NULL, '85252408480', 'Active', NULL, 100.0, 50.0, 1, 0.0, 5.0, 5.0, 0, 0, 2, NULL, NULL, NULL, NULL, NULL, '2026-05-22 14:53', 0.0, NULL, TRUE, '2026-05-29 14:14'),
('TCH-014', 'Larry Lok', NULL, '85252408480', 'Active', NULL, 100.0, 50.0, 1, 0.0, 5.0, 5.0, 0, 0, 2, NULL, NULL, NULL, NULL, NULL, '2026-05-22 14:53', 0.0, NULL, TRUE, '2026-05-29 14:14'),
('TCH-015', 'Kanice Leung', NULL, '85252408480', 'Active', NULL, 100.0, 50.0, 1, 0.0, 5.0, 5.0, 0, 0, 2, NULL, NULL, NULL, NULL, NULL, '2026-05-22 14:53', 0.0, NULL, TRUE, '2026-05-29 14:14'),
('TCH-016', 'Mike Chan', NULL, '85252408480', 'Active', NULL, 100.0, 50.0, 1, 8.0, 5.0, 13.0, 0, 0, 2, NULL, NULL, NULL, NULL, NULL, '2026-05-22 14:53', 1.5, '2026-05-17', NULL, '2026-05-29 14:14'),
('TCH-017', 'Jess Poon', NULL, '85252408480', 'Active', NULL, 100.0, 50.0, 1, 0.0, 5.0, 5.0, 0, 0, 2, NULL, NULL, NULL, NULL, NULL, '2026-05-22 14:53', 0.0, NULL, TRUE, '2026-05-29 14:14'),
('TCH-018', 'Holly Chan', NULL, '85252408480', 'Active', NULL, 100.0, 50.0, 1, 0.0, 5.0, 5.0, 0, 0, 2, NULL, NULL, NULL, NULL, NULL, '2026-05-22 14:53', 0.0, NULL, TRUE, '2026-05-29 14:14'),
('TCH-019', 'Karen Mak', NULL, '85252408480', 'Active', NULL, 100.0, 50.0, 1, 0.0, 5.0, 5.0, 0, 0, 2, NULL, NULL, NULL, NULL, NULL, '2026-05-22 14:53', 0.0, NULL, TRUE, '2026-05-29 14:14'),
('TCH-020', 'Kristie Chan', NULL, '85252408480', 'Active', NULL, 100.0, 50.0, 1, 0.0, 5.0, 5.0, 0, 0, 2, NULL, NULL, NULL, NULL, NULL, '2026-05-22 14:53', 0.0, NULL, TRUE, '2026-05-29 14:14'),
('TCH-021', 'Cindy Wong', NULL, '85252408480', 'Active', NULL, 100.0, 50.0, 1, 0.0, 5.0, 5.0, 0, 0, 2, NULL, NULL, NULL, NULL, NULL, '2026-05-22 14:53', 0.0, NULL, TRUE, '2026-05-29 14:14'),
('TCH-022', 'Kelly Cheung', NULL, '85252408480', 'Active', NULL, 100.0, 50.0, 1, 0.0, 5.0, 5.0, 0, 0, 2, NULL, NULL, NULL, NULL, NULL, '2026-05-22 14:53', 0.0, NULL, TRUE, '2026-05-29 14:14'),
('TCH-023', 'Thomas', NULL, '85252408480', 'Active', NULL, 100.0, 50.0, 1, 0.0, 5.0, 5.0, 0, 0, 2, NULL, NULL, NULL, NULL, NULL, '2026-05-22 14:53', 0.0, NULL, TRUE, '2026-05-29 14:14'),
('TCH-024', 'Rain Chung', NULL, '85252408480', 'Active', NULL, 100.0, 50.0, 1, 0.0, 5.0, 5.0, 0, 0, 2, NULL, NULL, NULL, NULL, NULL, '2026-05-22 14:53', 0.0, NULL, TRUE, '2026-05-29 14:14'),
('TCH-025', 'Mike Tsoi', NULL, '85252408480', 'Active', NULL, 100.0, 50.0, 1, 0.0, 5.0, 5.0, 0, 0, 2, NULL, NULL, NULL, NULL, NULL, '2026-05-22 14:53', 0.0, NULL, TRUE, '2026-05-29 14:14'),
('TCH-026', 'Ives Ng', NULL, '85252408480', 'Active', NULL, 100.0, 50.0, 1, 0.0, 5.0, 5.0, 0, 0, 2, NULL, NULL, NULL, NULL, NULL, '2026-05-22 14:53', 0.0, NULL, TRUE, '2026-05-29 14:14'),
('TCH-027', 'Taby Fan', NULL, '85252408480', 'Active', NULL, 100.0, 50.0, 1, 0.0, 5.0, 5.0, 0, 0, 2, NULL, NULL, NULL, NULL, NULL, '2026-05-22 14:53', 0.0, NULL, TRUE, '2026-05-29 14:14'),
('TCH-028', 'Rowan Gu', NULL, '85252408480', 'Active', NULL, 100.0, 50.0, 1, 0.0, 5.0, 5.0, 0, 0, 2, NULL, NULL, NULL, NULL, NULL, '2026-05-22 14:53', 0.0, NULL, TRUE, '2026-05-29 14:14'),
('TCH-029', 'Annie Chan', NULL, '85252408480', 'Active', NULL, 100.0, 50.0, 1, 0.0, 5.0, 5.0, 0, 0, 2, NULL, NULL, NULL, NULL, NULL, '2026-05-22 14:53', 0.0, NULL, TRUE, '2026-05-29 14:14'),
('TCH-030', 'Randolf Yung', NULL, '85252408480', 'Active', NULL, 100.0, 50.0, 1, 0.0, 5.0, 5.0, 0, 0, 2, NULL, NULL, NULL, NULL, NULL, '2026-05-22 14:53', 0.0, NULL, TRUE, '2026-05-29 14:14'),
('TCH-031', 'Kelton Kwok', NULL, '85252408480', 'Active', NULL, 100.0, 50.0, 1, 0.0, 5.0, 5.0, 0, 0, 2, NULL, NULL, NULL, NULL, NULL, '2026-05-22 14:53', 0.0, NULL, TRUE, '2026-05-29 14:14'),
('TCH-032', 'Sonya Lai', NULL, '85252408480', 'Active', NULL, 100.0, 50.0, 1, 0.0, 5.0, 5.0, 0, 0, 2, NULL, NULL, NULL, NULL, NULL, '2026-05-22 14:53', 0.0, NULL, TRUE, '2026-05-29 14:14'),
('TCH-033', 'Sally Li', NULL, '85252408480', 'Active', NULL, 100.0, 50.0, 1, 0.0, 5.0, 5.0, 0, 0, 2, NULL, NULL, NULL, NULL, NULL, '2026-05-22 14:53', 0.0, NULL, TRUE, '2026-05-29 14:14'),
('TCH-034', 'Venus Fung', NULL, '85252408480', 'Active', NULL, 100.0, 50.0, 1, 0.0, 5.0, 5.0, 0, 0, 2, NULL, NULL, NULL, NULL, NULL, '2026-05-22 14:53', 0.0, NULL, TRUE, '2026-05-29 14:14'),
('TCH-035', 'Alma Wong', NULL, '85252408480', 'Active', NULL, 100.0, 50.0, 1, 0.0, 5.0, 5.0, 0, 0, 2, NULL, NULL, NULL, NULL, NULL, '2026-05-22 14:53', 0.0, NULL, TRUE, '2026-05-29 14:14'),
('TCH-036', 'Jessica Fung', NULL, '85252408480', 'Active', NULL, 100.0, 50.0, 1, 0.0, 5.0, 5.0, 0, 0, 2, NULL, NULL, NULL, NULL, NULL, '2026-05-22 14:53', 0.0, NULL, TRUE, '2026-05-29 14:14'),
('TCH-037', 'Cheung Man Kwan, Koven', NULL, '85252408480', 'Active', NULL, 100.0, 50.0, 1, 0.0, 5.0, 5.0, 0, 0, 2, NULL, NULL, NULL, NULL, NULL, '2026-05-22 14:53', 0.0, NULL, TRUE, '2026-05-29 14:14'),
('TCH-038', 'Jess Chiu', NULL, '85252408480', 'Active', NULL, 100.0, 50.0, 1, 0.0, 5.0, 5.0, 0, 0, 2, NULL, NULL, NULL, NULL, NULL, '2026-05-22 14:54', 0.0, NULL, TRUE, '2026-05-29 14:14'),
('TCH-039', 'Sam Wong', NULL, '85252408480', 'Active', NULL, 100.0, 50.0, 1, 0.0, 5.0, 5.0, 0, 0, 2, NULL, NULL, NULL, NULL, NULL, '2026-05-22 14:54', 0.0, NULL, TRUE, '2026-05-29 14:14'),
('TCH-040', 'Alan Liu', NULL, '85252408480', 'Active', NULL, 100.0, 50.0, 1, 0.0, 5.0, 5.0, 0, 0, 2, NULL, NULL, NULL, NULL, NULL, '2026-05-22 14:54', 0.0, NULL, TRUE, '2026-05-29 14:14'),
('TCH-041', 'Vanessa Cheung', NULL, '85252408480', 'Active', NULL, 100.0, 50.0, 1, 0.0, 5.0, 5.0, 0, 0, 2, NULL, NULL, NULL, NULL, NULL, '2026-05-22 14:54', 0.0, NULL, TRUE, '2026-05-29 14:14'),
('TCH-042', 'Lincoln', NULL, '85252408480', 'Active', NULL, 100.0, 50.0, 1, 0.0, 5.0, 5.0, 0, 0, 2, NULL, NULL, NULL, NULL, NULL, '2026-05-22 14:54', 0.0, NULL, TRUE, '2026-05-29 14:14'),
('TCH-043', 'Boris Sze To', NULL, '85252408480', 'Active', NULL, 100.0, 50.0, 1, 0.0, 5.0, 5.0, 0, 0, 2, NULL, NULL, NULL, NULL, NULL, '2026-05-22 14:54', 0.0, NULL, TRUE, '2026-05-29 14:14'),
('TCH-044', 'Clarie Zhang', NULL, '85252408480', 'Active', NULL, 100.0, 50.0, 1, 0.0, 5.0, 5.0, 0, 0, 2, NULL, NULL, NULL, NULL, NULL, '2026-05-22 14:54', 0.0, NULL, TRUE, '2026-05-29 14:14'),
('TCH-045', 'Ceci Au', NULL, '85252408480', 'Active', NULL, 100.0, 50.0, 1, 0.0, 5.0, 5.0, 0, 0, 2, NULL, NULL, NULL, NULL, NULL, '2026-05-22 14:54', 0.0, NULL, TRUE, '2026-05-29 14:14'),
('TCH-046', 'John Leung', NULL, '85252408480', 'Active', NULL, 100.0, 50.0, 1, 0.0, 5.0, 5.0, 0, 0, 2, NULL, NULL, NULL, NULL, NULL, '2026-05-22 14:54', 0.0, NULL, TRUE, '2026-05-29 14:14'),
('TCH-047', 'Thomas Yeung', NULL, '85252408480', 'Active', NULL, 100.0, 50.0, 1, 0.0, 5.0, 5.0, 0, 0, 2, NULL, NULL, NULL, NULL, NULL, '2026-05-22 14:54', 0.0, NULL, TRUE, '2026-05-29 14:14'),
('TCH-048', 'Raymond Kwok', NULL, '85252408480', 'Active', NULL, 100.0, 50.0, 1, 0.0, 5.0, 5.0, 0, 0, 2, NULL, NULL, NULL, NULL, NULL, '2026-05-22 14:54', 0.0, NULL, TRUE, '2026-05-29 14:14'),
('TCH-049', 'Leo Ng', NULL, '85252408480', 'Active', NULL, 100.0, 50.0, 1, 0.0, 5.0, 5.0, 0, 0, 2, NULL, NULL, NULL, NULL, NULL, '2026-05-22 14:54', 0.0, NULL, TRUE, '2026-05-29 14:14'),
('TCH-050', 'Tom Wong', NULL, '85252408480', 'Active', NULL, 100.0, 50.0, 1, 0.0, 5.0, 5.0, 0, 0, 2, NULL, NULL, NULL, NULL, NULL, '2026-05-22 14:54', 0.0, NULL, TRUE, '2026-05-29 14:14'),
('TCH-051', 'KiKi Tsang', NULL, '85252408480', 'Active', NULL, 100.0, 50.0, 1, 0.0, 5.0, 5.0, 0, 0, 2, NULL, NULL, NULL, NULL, NULL, '2026-05-22 14:54', 0.0, NULL, TRUE, '2026-05-29 14:14'),
('TCH-052', 'Megan chan', NULL, '85252408480', 'Active', NULL, 100.0, 50.0, 1, 0.0, 5.0, 5.0, 0, 0, 2, NULL, NULL, NULL, NULL, NULL, '2026-05-22 14:54', 0.0, NULL, TRUE, '2026-05-29 14:14'),
('TCH-053', 'Cherry Ng', NULL, '85252408480', 'Active', NULL, 100.0, 50.0, 1, 0.0, 5.0, 5.0, 0, 0, 2, NULL, NULL, NULL, NULL, NULL, '2026-05-22 14:54', 0.0, NULL, TRUE, '2026-05-29 14:14'),
('TCH-TEST', 'Hansen Geraldi Yosia', 'hansenygeraldi@gmail.com', '85252408480', 'Active', 'Additional Notes:
Monday: 3pm to 6pm
Tuesday: 10am to 3pm
Wednesday: 2pm to 6pm
Thursday: 10am to 6pm
Friday: 3pm to 6pm
Weekends unavailable', 400.0, 95.0, 1, 0.0, 2.0, 2.0, NULL, NULL, 2, NULL, 'Extensive full stack developent & automation experience with a passion in developing useful software. Have experience in education (legal education)', NULL, 'full stack development
automation
software development
legal education', 'https://vinci-tutor-ddjtcsoe.manus.space/manus-storage/tutor-cvs/1/System_Requirements_Overview_a92fd86e.pdf', NULL, 0.0, NULL, TRUE, '2026-05-29 14:14'),
('260236', 'Alyan Aamir Ahmedani', NULL, '85252408480', 'Active', NULL, 100.0, 50.0, 1, 0.0, NULL, 0.0, NULL, NULL, 2, NULL, NULL, NULL, NULL, NULL, NULL, 0.0, NULL, TRUE, '2026-05-29 14:14'),
('260239', 'Calvin Boen', NULL, '85252408480', 'Active', NULL, 100.0, 50.0, 1, 0.0, NULL, 0.0, NULL, NULL, 2, NULL, NULL, NULL, NULL, NULL, NULL, 0.0, NULL, TRUE, '2026-05-29 14:14'),
('188908', 'Keith Chan', 'keith.c@vinciai.academy', '85252408480', 'Active', NULL, 100.0, 50.0, 1, 0.0, NULL, 0.0, NULL, NULL, 2, NULL, NULL, NULL, NULL, NULL, NULL, 0.0, NULL, TRUE, '2026-05-29 14:14'),
('231613', 'Kelly Chan', 's1141610@s.eduhk.hk', '85252408480', 'Active', NULL, 100.0, 50.0, 1, 0.0, NULL, 0.0, NULL, NULL, 2, NULL, NULL, NULL, NULL, NULL, NULL, 0.0, NULL, TRUE, '2026-05-29 14:14'),
('234371', 'Mike Chan', 'cmike2463@gmail.com', '85252408480', 'Active', NULL, 100.0, 50.0, 1, 0.0, NULL, 0.0, NULL, NULL, 2, NULL, NULL, NULL, NULL, NULL, NULL, 0.0, NULL, TRUE, '2026-05-29 14:14'),
('250753', 'Joyce Chan', 'chanj9471@gmail.com', '85252408480', 'Active', NULL, 100.0, 50.0, 1, 0.0, NULL, 0.0, NULL, NULL, 2, NULL, NULL, NULL, NULL, NULL, NULL, 0.0, NULL, TRUE, '2026-05-29 14:14'),
('264349', 'Annie Chan', 'aa.annie.cal@gmail.com', '85252408480', 'Active', NULL, 100.0, 50.0, 1, 0.0, NULL, 0.0, NULL, NULL, 2, NULL, NULL, NULL, NULL, NULL, NULL, 0.0, NULL, TRUE, '2026-05-29 14:14'),
('217433', 'Anthony Chan', NULL, '85252408480', 'Active', NULL, 100.0, 50.0, 1, 0.0, NULL, 0.0, NULL, NULL, 2, NULL, NULL, NULL, NULL, NULL, NULL, 0.0, NULL, TRUE, '2026-05-29 14:14'),
('250761', 'Megan Chan', 'yingyan0219@gmail.com', '85252408480', 'Active', NULL, 100.0, 50.0, 1, 0.0, NULL, 0.0, NULL, NULL, 2, NULL, NULL, NULL, NULL, NULL, NULL, 0.0, NULL, TRUE, '2026-05-29 14:14'),
('252694', 'Thomas Chan', 'fungchan0823@gmail.com', '85252408480', 'Active', NULL, 100.0, 50.0, 1, 0.0, NULL, 0.0, NULL, NULL, 2, NULL, NULL, NULL, NULL, NULL, NULL, 0.0, NULL, TRUE, '2026-05-29 14:14'),
('262905', 'Holly Chan', 'chyching18@gmail.com', '85252408480', 'Active', NULL, 100.0, 50.0, 1, 0.0, NULL, 0.0, NULL, NULL, 2, NULL, NULL, NULL, NULL, NULL, NULL, 0.0, NULL, TRUE, '2026-05-29 14:14'),
('255757', 'Keith Chan', 'keith.c.siuki@gmail.com', '85252408480', 'Active', NULL, 100.0, 50.0, 1, 0.0, NULL, 0.0, NULL, NULL, 2, NULL, NULL, NULL, NULL, NULL, NULL, 0.0, NULL, TRUE, '2026-05-29 14:14'),
('224408', 'Kiri Cheng', 'Kiwicheng2005@gmail.com', '85252408480', 'Active', NULL, 100.0, 50.0, 1, 0.0, NULL, 0.0, NULL, NULL, 2, NULL, NULL, NULL, NULL, NULL, NULL, 0.0, NULL, TRUE, '2026-05-29 14:14'),
('240828', 'Kelly Cheung', 'cheungkayan1119@gmail.com', '85252408480', 'Active', NULL, 100.0, 50.0, 1, 0.0, NULL, 0.0, NULL, NULL, 2, NULL, NULL, NULL, NULL, NULL, NULL, 0.0, NULL, TRUE, '2026-05-29 14:14'),
('228271', 'Vanessa Cheung', 'vanchy101022@gmail.com', '85252408480', 'Active', NULL, 100.0, 50.0, 1, 0.0, NULL, 0.0, NULL, NULL, 2, NULL, NULL, NULL, NULL, NULL, NULL, 0.0, NULL, TRUE, '2026-05-29 14:14'),
('226293', 'Koven Cheung', 'koven1217@gmail.com', '85252408480', 'Active', NULL, 100.0, 50.0, 1, 28.0, NULL, 28.0, NULL, NULL, 3, NULL, NULL, NULL, NULL, NULL, NULL, 5.5, '2026-05-22', NULL, '2026-05-29 14:14'),
('255401', 'Jess Chiu', 's1153900@s.eduhk.hk', '85252408480', 'Active', NULL, 100.0, 50.0, 1, 0.0, NULL, 0.0, NULL, NULL, 2, NULL, NULL, NULL, NULL, NULL, NULL, 0.0, NULL, TRUE, '2026-05-29 14:14'),
('237287', 'FU Chiu Hang', NULL, '6281287776026', 'Active', NULL, 100.0, 50.0, 1, 0.0, NULL, 0.0, NULL, NULL, 2, NULL, NULL, NULL, NULL, NULL, NULL, 0.0, NULL, TRUE, '2026-05-29 14:14'),
('255399', 'Rain Chung', 'rain2002421@gmail.com', '6281287776026', 'Active', NULL, 320.0, 160.0, 1, 40.0, NULL, 40.0, NULL, NULL, 5, NULL, NULL, NULL, NULL, NULL, NULL, 8.0, '2026-05-23', NULL, '2026-05-29 14:14'),
('263815', 'Tabby Fan', 's1167093@s.eduhk.hk', '6281287776026', 'Active', NULL, 100.0, 50.0, 1, 0.0, NULL, 0.0, NULL, NULL, 2, NULL, NULL, NULL, NULL, NULL, NULL, 0.0, NULL, TRUE, '2026-05-29 14:14'),
('225381', 'Yannie Fong', 'dear.yan0316@gmail.com', '6281287776026', 'Active', NULL, 100.0, 50.0, 1, 0.0, NULL, 0.0, NULL, NULL, 2, NULL, NULL, NULL, NULL, NULL, NULL, 0.0, NULL, TRUE, '2026-05-29 14:14'),
('238252', 'Shiro Fu', 'chiuhfu@gmail.com', '6281287776026', 'Active', NULL, 100.0, 50.0, 1, 0.0, NULL, 0.0, NULL, NULL, 2, NULL, NULL, NULL, NULL, NULL, NULL, 0.0, NULL, TRUE, '2026-05-29 14:14'),
('234369', 'Venus Fung', 'Venusfung908@gmail.com', '6281287776026', 'Active', NULL, 100.0, 50.0, 1, 0.0, NULL, 0.0, NULL, NULL, 2, NULL, NULL, NULL, NULL, NULL, NULL, 0.0, NULL, TRUE, '2026-05-29 14:14'),
('252867', 'Jessica Fung', 'harukigiogio@gmail.com', '6281287776026', 'Active', NULL, 100.0, 50.0, 1, 0.0, NULL, 0.0, NULL, NULL, 2, NULL, NULL, NULL, NULL, NULL, NULL, 0.0, NULL, TRUE, '2026-05-29 14:14'),
('254274', 'Ayden Ho', 'mrhohungfai@gmail.com', '6281287776026', 'Active', NULL, 100.0, 50.0, 1, 0.0, NULL, 0.0, NULL, NULL, 2, NULL, NULL, NULL, NULL, NULL, NULL, 0.0, NULL, TRUE, '2026-05-29 14:14'),
('210363', 'Samuel Hong', 'hongtszlam@gmail.com', '6281287776026', 'Active', NULL, 100.0, 50.0, 1, 0.0, NULL, 0.0, NULL, NULL, 2, NULL, NULL, NULL, NULL, NULL, NULL, 0.0, NULL, TRUE, '2026-05-29 14:14'),
('240831', 'Wing Huang', 'winghtw@outlook.com', '6281287776026', 'Active', NULL, 100.0, 50.0, 1, 0.0, NULL, 0.0, NULL, NULL, 2, NULL, NULL, NULL, NULL, NULL, NULL, 0.0, NULL, TRUE, '2026-05-29 14:14'),
('258163', 'Chloe Jim', 'puiyujim@gmail.com', '6281287776026', 'Active', NULL, 100.0, 50.0, 1, 0.0, NULL, 0.0, NULL, NULL, 2, NULL, NULL, NULL, NULL, NULL, NULL, 0.0, NULL, TRUE, '2026-05-29 14:14'),
('234367', 'Mak Kar Tung', 'kartungmak1127@gmail.com', '6281287776026', 'Active', NULL, 100.0, 50.0, 1, 0.0, NULL, 0.0, NULL, NULL, 2, NULL, NULL, NULL, NULL, NULL, NULL, 0.0, NULL, TRUE, '2026-05-29 14:14'),
('253788', 'Raymond Kwok', 'ykwok8645@gmail.com', '6281287776026', 'Active', NULL, 100.0, 50.0, 1, 0.0, NULL, 0.0, NULL, NULL, 2, NULL, NULL, NULL, NULL, NULL, NULL, 0.0, NULL, TRUE, '2026-05-29 14:14'),
('252706', 'Kelton Kwok', 'keltonkwok@gmail.com', '6281287776026', 'Active', NULL, 100.0, 50.0, 1, 0.0, NULL, 0.0, NULL, NULL, 2, NULL, NULL, NULL, NULL, NULL, NULL, 0.0, NULL, TRUE, '2026-05-29 14:14'),
('240843', 'Jackie Kwong', 'jackiezeta@yahoo.com.hk', '6281287776026', 'Active', NULL, 100.0, 50.0, 1, 0.0, NULL, 0.0, NULL, NULL, 2, NULL, NULL, NULL, NULL, NULL, NULL, 0.0, NULL, TRUE, '2026-05-29 14:14'),
('255400', 'Sonya Lai', 'wanyaulai18@gmail.com', '6281287776026', 'Active', NULL, 100.0, 50.0, 1, 0.0, NULL, 0.0, NULL, NULL, 2, NULL, NULL, NULL, NULL, NULL, NULL, 0.0, NULL, TRUE, '2026-05-29 14:14'),
('195627', 'Benny Lam', 'bennylam@rightstation.com', '6281287776026', 'Active', NULL, 100.0, 50.0, 1, 0.0, NULL, 0.0, NULL, NULL, 2, NULL, NULL, NULL, NULL, NULL, NULL, 0.0, NULL, TRUE, '2026-05-29 14:14'),
('252465', 'Alice Lam', 'alice@vinciai.academy', '6281287776026', 'Active', NULL, 100.0, 50.0, 1, 0.0, NULL, 0.0, NULL, NULL, 2, NULL, NULL, NULL, NULL, NULL, NULL, 0.0, NULL, TRUE, '2026-05-29 14:14'),
('268128', 'Terence Lau', 'sklau6@gmail.com', '6281287776026', 'Active', NULL, 100.0, 50.0, 1, 0.0, NULL, 0.0, NULL, NULL, 2, NULL, NULL, NULL, NULL, NULL, NULL, 0.0, NULL, TRUE, '2026-05-29 14:14'),
('255756', 'Yves Lee', 'yveslee0817@gmail.com', '6281287776026', 'Active', NULL, 100.0, 50.0, 1, 0.0, NULL, 0.0, NULL, NULL, 2, NULL, NULL, NULL, NULL, NULL, NULL, 0.0, NULL, TRUE, '2026-05-29 14:14'),
('189073', 'Sum Yee Lee', 'sumyee0728@vinciai.academy', '6281287776026', 'Active', NULL, 100.0, 50.0, 1, 0.0, NULL, 0.0, NULL, NULL, 2, NULL, NULL, NULL, NULL, NULL, NULL, 0.0, NULL, TRUE, '2026-05-29 14:14'),
('188905', 'Yves Lee', 'yveslee@vinciai.academy', '6281287776026', 'Active', NULL, 100.0, 50.0, 1, 0.0, NULL, 0.0, NULL, NULL, 2, NULL, NULL, NULL, NULL, NULL, NULL, 0.0, NULL, TRUE, '2026-05-29 14:14'),
('240829', 'Kanice Leung', 'kanice1230@gmail.com', '6281287776026', 'Active', NULL, 100.0, 50.0, 1, 0.0, NULL, 0.0, NULL, NULL, 2, NULL, NULL, NULL, NULL, NULL, NULL, 0.0, NULL, TRUE, '2026-05-29 14:14'),
('199312', 'Kathy Li', 'kathyli@vinciai.academy', '6281287776026', 'Active', NULL, 100.0, 50.0, 1, 0.0, NULL, 0.0, NULL, NULL, 2, NULL, NULL, NULL, NULL, NULL, NULL, 0.0, NULL, TRUE, '2026-05-29 14:14'),
('253032', 'Sally Li', 'lhuishan23@gmail.com', '6281287776026', 'Active', NULL, 100.0, 50.0, 1, 0.0, NULL, 0.0, NULL, NULL, 2, NULL, NULL, NULL, NULL, NULL, NULL, 0.0, NULL, TRUE, '2026-05-29 14:14'),
('253634', 'Larry Li', 'lok6023@gmail.com', '6281287776026', 'Active', NULL, 100.0, 50.0, 1, 0.0, NULL, 0.0, NULL, NULL, 2, NULL, NULL, NULL, NULL, NULL, NULL, 0.0, NULL, TRUE, '2026-05-29 14:14'),
('252709', 'Alan Liu', NULL, '6281287776026', 'Active', NULL, 100.0, 50.0, 1, 0.0, NULL, 0.0, NULL, NULL, 2, NULL, NULL, NULL, NULL, NULL, NULL, 0.0, NULL, TRUE, '2026-05-29 14:14'),
('265838', 'Louis Lo', 'circle.lkk@gmail.com', '6281287776026', 'Active', NULL, 100.0, 50.0, 1, 0.0, NULL, 0.0, NULL, NULL, 2, NULL, NULL, NULL, NULL, NULL, NULL, 0.0, NULL, TRUE, '2026-05-29 14:14'),
('236600', 'Lincoln Lo', 'lo.shunhang@gmail.com', '6281287776026', 'Active', NULL, 100.0, 50.0, 1, 0.0, NULL, 0.0, NULL, NULL, 2, NULL, NULL, NULL, NULL, NULL, NULL, 0.0, NULL, TRUE, '2026-05-29 14:14'),
('217686', 'Winnie Luo', 'winnie@vinciai.academy', '6281287776026', 'Active', NULL, 100.0, 50.0, 1, 0.0, NULL, 0.0, NULL, NULL, 2, NULL, NULL, NULL, NULL, NULL, NULL, 0.0, NULL, TRUE, '2026-05-29 14:14'),
('231959', 'Jason Mak', 'jason.mak.contact@gmail.com', '6281287776026', 'Active', NULL, 100.0, 50.0, 1, 0.0, NULL, 0.0, NULL, NULL, 2, NULL, NULL, NULL, NULL, NULL, NULL, 0.0, NULL, TRUE, '2026-05-29 14:14'),
('234368', 'Karen Mak', 'karwanmak@gmail.com', '6281287776026', 'Active', NULL, 100.0, 50.0, 1, 0.0, NULL, 0.0, NULL, NULL, 2, NULL, NULL, NULL, NULL, NULL, NULL, 0.0, NULL, TRUE, '2026-05-29 14:14'),
('222968', 'Alex Mak', 'alexmak@vinciai.academy', '6281287776026', 'Active', NULL, 100.0, 50.0, 1, 0.0, NULL, 0.0, NULL, NULL, 2, NULL, NULL, NULL, NULL, NULL, NULL, 0.0, NULL, TRUE, '2026-05-29 14:14'),
('236208', 'Tim Man', 'Tim.W.2016@protonmail.com', '6281287776026', 'Active', NULL, 100.0, 50.0, 1, 0.0, NULL, 0.0, NULL, NULL, 2, NULL, NULL, NULL, NULL, NULL, NULL, 0.0, NULL, TRUE, '2026-05-29 14:14'),
('243620', 'Cherry Ng', 'cherryng12@gmail.com', '6281287776026', 'Active', NULL, 100.0, 50.0, 1, 0.0, NULL, 0.0, NULL, NULL, 2, NULL, NULL, NULL, NULL, NULL, NULL, 0.0, NULL, TRUE, '2026-05-29 14:14'),
('225767', 'Sharon Ng', 'cyngbm@connect.ust.hk', '6281287776026', 'Active', NULL, 100.0, 50.0, 1, 0.0, NULL, 0.0, NULL, NULL, 2, NULL, NULL, NULL, NULL, NULL, NULL, 0.0, NULL, TRUE, '2026-05-29 14:14'),
('254888', 'Ives Ng', 'flgivesng@gmail.com', '6281287776026', 'Active', NULL, 100.0, 50.0, 1, 0.0, NULL, 0.0, NULL, NULL, 2, NULL, NULL, NULL, NULL, NULL, NULL, 0.0, NULL, TRUE, '2026-05-29 14:14'),
('262970', 'Leo Ng', 'wehrabooo@gmail.com', '6281287776026', 'Active', NULL, 100.0, 50.0, 1, 0.0, NULL, 0.0, NULL, NULL, 2, NULL, NULL, NULL, NULL, NULL, NULL, 0.0, NULL, TRUE, '2026-05-29 14:14'),
('226309', 'Jess Poon', 'jpoon120@gmail.com', '6281287776026', 'Active', NULL, 100.0, 50.0, 1, 0.0, NULL, 0.0, NULL, NULL, 2, NULL, NULL, NULL, NULL, NULL, NULL, 0.0, NULL, TRUE, '2026-05-29 14:14'),
('265218', 'Wallace Sham', 'wallacesham@gmail.com', '6281287776026', 'Active', NULL, 100.0, 50.0, 1, 0.0, NULL, 0.0, NULL, NULL, 2, NULL, NULL, NULL, NULL, NULL, NULL, 0.0, NULL, TRUE, '2026-05-29 14:14'),
('229448', 'Boris Sze To', 'borisszeto714@gmail.com', '6281287776026', 'Active', NULL, 100.0, 50.0, 1, 0.0, NULL, 0.0, NULL, NULL, 2, NULL, NULL, NULL, NULL, NULL, NULL, 0.0, NULL, TRUE, '2026-05-29 14:14'),
('251966', 'Sandy Tan', 'sandytan@vinciai.academy', '6281287776026', 'Active', NULL, 100.0, 50.0, 1, 0.0, NULL, 0.0, NULL, NULL, 2, NULL, NULL, NULL, NULL, NULL, NULL, 0.0, NULL, TRUE, '2026-05-29 14:14'),
('188911', 'TBC TBC', NULL, '6281287776026', 'Active', NULL, 100.0, 50.0, 1, 0.0, NULL, 0.0, NULL, NULL, 2, NULL, NULL, NULL, NULL, NULL, NULL, 0.0, NULL, TRUE, '2026-05-29 14:14'),
('252866', 'KiKi Tsang', 'amonjzg117@gmail.com', '6281287776026', 'Active', NULL, 100.0, 50.0, 1, 0.0, NULL, 0.0, NULL, NULL, 2, NULL, NULL, NULL, NULL, NULL, NULL, 0.0, NULL, TRUE, '2026-05-29 14:14'),
('237783', 'Isabella Tsui', 'isabellatsui@vinciai.academy', '6281287776026', 'Active', NULL, 100.0, 50.0, 1, 0.0, NULL, 0.0, NULL, NULL, 2, NULL, NULL, NULL, NULL, NULL, NULL, 0.0, NULL, TRUE, '2026-05-29 14:14'),
('253245', 'Mike Tsui', 'miketsoi2007@gmail.com', '6281287776026', 'Active', NULL, 100.0, 50.0, 1, 0.0, NULL, 0.0, NULL, NULL, 2, NULL, NULL, NULL, NULL, NULL, NULL, 0.0, NULL, TRUE, '2026-05-29 14:14'),
('253640', 'Alma Wang', 'szhuia1307@gmail.com', '6281287776026', 'Active', NULL, 100.0, 50.0, 1, 0.0, NULL, 0.0, NULL, NULL, 2, NULL, NULL, NULL, NULL, NULL, NULL, 0.0, NULL, TRUE, '2026-05-29 14:14'),
('253244', 'Sam Wong', 'samw3707@gmail.com', '6281287776026', 'Active', NULL, 100.0, 50.0, 1, 0.0, NULL, 0.0, NULL, NULL, 2, NULL, NULL, NULL, NULL, NULL, NULL, 0.0, NULL, TRUE, '2026-05-29 14:14'),
('262022', 'Cindy Wong', 'wcindystart@gmail.com', '6281287776026', 'Active', NULL, 100.0, 50.0, 1, 0.0, NULL, 0.0, NULL, NULL, 2, NULL, NULL, NULL, NULL, NULL, NULL, 0.0, NULL, TRUE, '2026-05-29 14:14'),
('262024', 'Henry Wong', NULL, '6281287776026', 'Active', NULL, 100.0, 50.0, 1, 0.0, NULL, 0.0, NULL, NULL, 2, NULL, NULL, NULL, NULL, NULL, NULL, 0.0, NULL, TRUE, '2026-05-29 14:14'),
('258322', 'Willis Wong', NULL, '6281287776026', 'Active', NULL, 100.0, 50.0, 1, 0.0, NULL, 0.0, NULL, NULL, 2, NULL, NULL, NULL, NULL, NULL, NULL, 0.0, NULL, TRUE, '2026-05-29 14:14'),
('262971', 'Tom Wong', 'wyt4997@gmail.com', '6281287776026', 'Active', NULL, 100.0, 50.0, 1, 0.0, NULL, 0.0, NULL, NULL, 2, NULL, NULL, NULL, NULL, NULL, NULL, 0.0, NULL, TRUE, '2026-05-29 14:14'),
('222118', 'Matthew Wong', 'ylg025330@gmail.com', '6281287776026', 'Active', NULL, 100.0, 50.0, 1, 0.0, NULL, 0.0, NULL, NULL, 2, NULL, NULL, NULL, NULL, NULL, NULL, 0.0, NULL, TRUE, '2026-05-29 14:14'),
('265214', 'Ivan Wong', 'Sunanda.w1990@gmail.com', '6281287776026', 'Active', NULL, 100.0, 50.0, 1, 0.0, NULL, 0.0, NULL, NULL, 2, NULL, NULL, NULL, NULL, NULL, NULL, 0.0, NULL, TRUE, '2026-05-29 14:14'),
('204326', 'Jay Wong', 'jaywong@vinciai.academy', '6281287776026', 'Active', NULL, 100.0, 50.0, 1, 0.0, NULL, 0.0, NULL, NULL, 2, NULL, NULL, NULL, NULL, NULL, NULL, 0.0, NULL, TRUE, '2026-05-29 14:14'),
('217670', 'Tiffany Yeung', 'cheuklamyeung0919@gmail.com', '6281287776026', 'Active', NULL, 100.0, 50.0, 1, 0.0, NULL, 0.0, NULL, NULL, 2, NULL, NULL, NULL, NULL, NULL, NULL, 0.0, NULL, TRUE, '2026-05-29 14:14'),
('265338', 'Thomas Yeung', 'Thomasyeung0513@gmail.com', '6281287776026', 'Active', NULL, 100.0, 50.0, 1, 0.0, NULL, 0.0, NULL, NULL, 2, NULL, NULL, NULL, NULL, NULL, NULL, 0.0, NULL, TRUE, '2026-05-29 14:14'),
('269497', 'Hansen Yosia Geraldi', 'hansenyg@vinciai.academy', '6281287776026', 'Active', NULL, 100.0, 50.0, 1, 0.0, NULL, 0.0, NULL, NULL, 2, NULL, NULL, NULL, NULL, NULL, NULL, 0.0, NULL, TRUE, '2026-05-29 14:14'),
('191892', 'Kin Yu', 'kinyu@vincitech.ai', '6281287776026', 'Active', NULL, 100.0, 50.0, 1, 0.0, NULL, 0.0, NULL, NULL, 2, NULL, NULL, NULL, NULL, NULL, NULL, 0.0, NULL, TRUE, '2026-05-29 14:14'),
('255398', 'Randolph Yung', '1155213009@link.cuhk.edu.hk', '6281287776026', 'Active', NULL, 100.0, 50.0, 1, 0.0, NULL, 0.0, NULL, NULL, 2, NULL, NULL, NULL, NULL, NULL, NULL, 0.0, NULL, TRUE, '2026-05-29 14:14'),
('258702', 'Kristie  Chan', 'kristie.chan135@gmail.com', '6281287776026', 'Active', NULL, 100.0, 50.0, 1, 0.0, NULL, 0.0, NULL, NULL, 2, NULL, NULL, NULL, NULL, NULL, NULL, 0.0, NULL, TRUE, '2026-05-29 14:14'),
('Hansen Geraldi', NULL, NULL, '6281287776026', NULL, NULL, NULL, NULL, 0, 0.0, NULL, 0.0, NULL, NULL, 2, NULL, NULL, NULL, NULL, NULL, NULL, 0.0, NULL, TRUE, '2026-05-29 14:14'),
('TCH-054', 'joanne', 'joanne.edelina@gmail.com', '6281287776026', 'Active', 'Weekly Schedule:
  • Thursday: 16:00 – 18:00
  • Monday: 16:00 – 18:00

Additional Notes:
weekdays after 5pm', 350.0, 200.0, 1, 0.0, 0.0, 0.0, NULL, NULL, 2, NULL, 'I have experience in ........', NULL, NULL, 'https://vinci-tutor-ddjtcsoe.manus.space/manus-storage/tutor-cvs/300004/MA1503_20-21_128e8f98.pdf', NULL, 0.0, NULL, TRUE, '2026-05-29 14:14'),
('TCH-055', 'Karen Angelica Widjaja', 'karenangelica@vinciai.academy', '6281287776026', 'Active', 'Weekly Schedule:
  • Monday: 16:00 – 18:00

Additional Notes:
weekday', 350.0, 200.0, 1, 0.0, 0.0, 0.0, NULL, NULL, 2, NULL, 'I have 3 years experience', NULL, NULL, 'https://vinci-tutor-ddjtcsoe.manus.space/manus-storage/tutor-cvs/300006/What_s_Dify_706ff3ab.pdf', NULL, 0.0, NULL, TRUE, '2026-05-29 14:14'),
('TCH-056', 'Hansen Geraldi Whatever', 'hansenygmanus@vinciai.academy', '6281287776026', 'Active', 'Additional Notes:
Everyday', NULL, NULL, 1, NULL, 0.0, 0.0, NULL, NULL, 2, NULL, 'I don''t have any exprience sadly :( but pls accept me', NULL, NULL, 'https://vinci-tutor-ddjtcsoe.manus.space/manus-storage/tutor-cvs/780001/Auto_Assign_Guide_1de2ccdd.pdf', NULL, NULL, NULL, NULL, NULL);

insert into public.courses (course_id, course_name, school_id, course_topic, course_types, revenue_per_lesson, scheduled_classes_ai_summary) values
('CS101', 'Introduction to Computer Science', 'SCH001', 'Fundamentals of programming and algorithms', 'Lecture,Lab', 7000.0, 'Not enough scheduled lessons to generate a summary.'),
('AI201', 'Applied Machine Learning', 'SCH002', 'Supervised and unsupervised learning methods', 'Lecture,Seminar,Lab', 7000.0, 'Not enough scheduled lessons to generate a summary.'),
('ENG301', 'Advanced Robotics Workshop', 'SCH003', 'Robotics, automation, and control systems', 'Workshop,Lab', 7000.0, 'The course has 13 scheduled classes: LES-20260628-1300-B04 (tutors grouped for this class) meets on June 28 at 13:00, total scheduled hours for this class as assigned. LES-20260615-1000-B11 (tutors grouped for this class) meets on June 15 at 10:00, total scheduled hours for this class as assigned. LES-20260610-1000-ARW (tutors grouped for this class) meets on June 10 at 10:00, total scheduled hours for this class as assigned. The remaining 10 unnamed records represent additional scheduled classes, each with assigned tutors grouped per class, with scheduled days/times and total hours as recorded for each.'),
('DS150', 'Data Science Fundamentals', 'SCH004', 'Data analysis, visualization, and statistics', 'Lecture,Online', 7000.0, 'Not enough scheduled lessons to generate a summary.'),
('CVE210', 'Cloud & Virtualization Engineering', 'SCH005', 'Cloud infrastructure, virtualization, and DevOps', 'Lecture,Hybrid', 7000.0, 'Not enough scheduled lessons to generate a summary.'),
('SE420', 'Software Engineering Capstone', 'SCH001', 'Project-based software development', 'Seminar,Workshop', 7000.0, 'Not enough scheduled lessons to generate a summary.'),
('CRS-STEM-BASICS-TC01', 'STEM Basics', 'SCH-20260522-TC01', 'Introduction to STEM disciplines', NULL, 7000.0, 'Not enough scheduled lessons to generate a summary.'),
('CRS-CREATIVE-WRITING-TC08', 'Creative Writing Workshop', 'SCH-20260522-TC08', 'Explores creative writing techniques including poetry, short stories, and narrative structure', 'Workshop', 7000.0, 'Not enough scheduled lessons to generate a summary.');

insert into public.lessons (id, lesson_id, date, start_time, end_time, teacher_id, course_id, status, role, lesson_duration_minutes, miscellaneous_expenses, tutor_assignment, offer_sent_timestamp) values
('987b94bd-0120-40eb-9a4f-1e43f9cc58d8', NULL, NULL, NULL, NULL, NULL, NULL, 'Cancelled', NULL, NULL, NULL, 'Tutor assigned', NULL),
('9bc6d6cc-14db-47e0-80e3-d0c761ecb3a9', NULL, '2026-07-01', '09:00', '11:00', NULL, 'ENG301', NULL, NULL, 120, NULL, 'Tutor assigned', NULL),
('9909cbab-ae97-4f23-adf0-09f555593bac', NULL, '2026-07-10', '14:00', '16:00', 'TCH-TEST', 'ENG301', NULL, NULL, 120, NULL, 'Tutor assigned', NULL),
('b58d5a97-2e4c-424b-85a0-f2bcb13c20ed', NULL, '2026-07-20', '10:00', '11:00', NULL, 'ENG301', NULL, NULL, 60, NULL, 'Tutor assigned', NULL),
('9775ce58-7c15-4c1c-9c32-c416c2cc507f', NULL, '2026-07-20', '13:00', '14:00', NULL, 'ENG301', NULL, NULL, 60, NULL, 'Tutor assigned', NULL),
('786978f0-57be-41dc-9b9a-32aac093e9dc', NULL, '2026-07-20', '15:00', '16:00', NULL, 'ENG301', NULL, NULL, 60, NULL, 'Tutor assigned', NULL),
('c0aa37ee-9fef-4bda-8a8c-f7727b8b4259', NULL, '2026-08-01', '10:00', '11:00', NULL, 'ENG301', NULL, NULL, 60, NULL, 'Tutor assigned', NULL),
('98a8f1e0-0d3f-4f6a-a79c-2c781eeab3f1', NULL, '2026-08-01', '13:00', '14:00', 'TCH-TEST', 'ENG301', NULL, NULL, 60, NULL, 'Tutor assigned', NULL),
('f27ba50c-4fab-4e59-9da3-1bdf45f8bb4b', NULL, '2026-08-01', '15:00', '16:00', NULL, 'ENG301', NULL, NULL, 60, NULL, 'Tutor assigned', NULL),
('60ad88bf-752e-43ee-9725-2b07d0f4f9d5', NULL, '2026-06-16', '10:00', '12:00', NULL, 'ENG301', 'Scheduled', 'Tutor', 120, NULL, 'Tutor assigned', NULL),
('39181640-2a51-4d0b-8e11-7fa1d4334d11', NULL, '2026-06-01', '10:00', '11:00', NULL, 'ENG301', 'Scheduled', NULL, 60, NULL, 'Tutor unassigned & class is beyond a week from today', NULL),
('697a47b9-ad90-4bfd-a5b9-753c04dd5201', NULL, '2026-05-11', NULL, NULL, NULL, NULL, NULL, NULL, NULL, NULL, 'Tutor unassigned & class is beyond a week from today', NULL),
('53fcf72e-6d41-4395-ace8-fd1dc70b46b8', 'COMP-LES-000', '2026-05-20', '10:00', '12:00', '255399', 'CRS-STEM-BASICS-TC01', 'Completed', 'Tutor', 120, NULL, 'Tutor unassigned & class is beyond a week from today', NULL),
('e3a3d618-e07f-48ba-89d1-757255691080', 'COMP-LES-001', '2026-05-19', '11:00', '13:00', 'TCH-001', 'CVE210', 'Completed', 'Teaching Assistant', 120, NULL, 'Tutor unassigned & class is beyond a week from today', '2026-06-01 14:36'),
('001f3ea2-98eb-46c5-b8fa-3ff9e2aaaf34', 'COMP-LES-002', '2026-05-22', '15:00', '17:00', '226293', 'DS150', 'Completed', 'Tutor', 120, NULL, 'Tutor unassigned & class is beyond a week from today', NULL),
('60cc5fdf-abde-48dd-8581-345f110b6933', 'COMP-LES-003', '2026-05-16', '15:00', '17:00', '255399', 'CVE210', 'Completed', 'Teaching Assistant', 120, NULL, 'Tutor unassigned & class is beyond a week from today', NULL),
('6dda9787-380d-435d-ba2b-16763a3b10b1', 'COMP-LES-004', '2026-05-29', '11:00', '13:00', '255399', 'DS150', 'Scheduled', 'Tutor', 120, NULL, 'Tutor unassigned & class is beyond a week from today', NULL),
('2c1ca455-05e8-4421-b45d-a592af33a991', 'COMP-LES-005', '2026-05-22', '13:00', '15:00', '226293', 'CVE210', 'Completed', 'Teaching Assistant', 120, NULL, 'Tutor unassigned & class is beyond a week from today', NULL),
('c9644f95-902f-4be8-999e-4f7419c515ff', 'COMP-LES-006', '2026-06-01', '13:00', '15:00', 'TCH-001', 'CVE210', 'Scheduled', 'Tutor', 120, NULL, 'Tutor unassigned & class is beyond a week from today', NULL),
('a558daae-7efc-4be5-b053-2cc10afe0027', 'COMP-LES-007', '2026-06-02', '11:00', '13:00', 'TCH-001', 'CRS-STEM-BASICS-TC01', 'Scheduled', 'Teaching Assistant', 120, NULL, 'Tutor unassigned & class is beyond a week from today', NULL),
('d918d59a-60eb-4c34-871b-283be853be1f', 'COMP-LES-008', '2026-06-01', '14:00', '16:00', 'TCH-001', 'DS150', 'Scheduled', 'Tutor', 120, NULL, 'Tutor unassigned & class is beyond a week from today', NULL),
('18d63572-7de0-4edf-bc2d-d73434f7a24f', 'COMP-LES-009', '2026-06-04', '15:00', '17:00', '226293', 'CVE210', 'Scheduled', 'Teaching Assistant', 120, NULL, 'Tutor unassigned & class is beyond a week from today', NULL),
('c561012e-241c-4942-832b-ea5f2c68147a', 'COMP-LES-010', '2026-05-22', '14:00', '16:00', 'TCH-001', 'CVE210', 'Completed', 'Tutor', 120, NULL, 'Tutor unassigned & class is beyond a week from today', NULL),
('a6d1191d-8035-4b11-999c-5dcba93def91', 'COMP-LES-011', '2026-05-20', '12:00', '14:00', 'TCH-001', 'CVE210', 'Completed', 'Teaching Assistant', 120, NULL, 'Tutor unassigned & class is beyond a week from today', NULL),
('49b1f2ca-5a7d-421d-aed2-a59c58a3053f', 'COMP-LES-012', '2026-05-26', '13:00', '15:00', 'TCH-001', 'DS150', 'Completed', 'Tutor', 120, NULL, 'Tutor unassigned & class is beyond a week from today', NULL),
('ce15fc89-dc36-40c2-b18d-23735d0c0548', 'COMP-LES-013', '2026-05-23', '11:00', '13:00', '255399', 'DS150', 'Completed', 'Teaching Assistant', 120, NULL, 'Tutor unassigned & class is beyond a week from today', NULL),
('1842051a-76b6-469e-b15e-c4866b18841c', 'COMP-LES-014', '2026-06-01', '15:00', '17:00', '255399', 'DS150', 'Scheduled', 'Tutor', 120, NULL, 'Tutor unassigned & class is beyond a week from today', NULL),
('b4553b9a-e296-49f8-adf7-b60d836a6348', 'COMP-LES-015', '2026-05-31', '11:00', '13:00', '226293', 'CRS-STEM-BASICS-TC01', 'Scheduled', 'Teaching Assistant', 120, NULL, 'Tutor unassigned & class is beyond a week from today', NULL),
('9bce9461-d215-4cb8-89d4-c12cf8cfbca2', 'COMP-LES-016', '2026-05-31', '15:00', '17:00', '255399', 'DS150', 'Scheduled', 'Tutor', 120, NULL, 'Tutor unassigned & class is beyond a week from today', NULL),
('10bda087-c96f-4042-9134-b7ce0b5420da', 'COMP-LES-017', '2026-05-15', '09:00', '11:00', '255399', 'DS150', 'Completed', 'Teaching Assistant', 120, NULL, 'Tutor unassigned & class is beyond a week from today', NULL),
('c6426790-1be9-4787-9c31-7255c2a91825', 'COMP-LES-018', '2026-05-24', '15:00', '17:00', 'TCH-001', 'DS150', 'Completed', 'Tutor', 120, NULL, 'Tutor unassigned & class is beyond a week from today', NULL),
('161a7ad5-79cb-409c-a0ec-12dc9adc0d3a', 'COMP-LES-019', '2026-05-21', '11:00', '13:00', 'TCH-001', 'CRS-STEM-BASICS-TC01', 'Completed', 'Teaching Assistant', 120, NULL, 'Tutor unassigned & class is beyond a week from today', NULL),
('c6be5e21-fdd2-4a42-b1f9-6816520cf2a2', 'DUMMY-LES-000-6b22', '2026-06-25', '16:00', '17:30', 'TCH-001', 'CVE210', 'Scheduled', 'Tutor', 90, NULL, 'Tutor unassigned & class is beyond a week from today', NULL),
('de470e00-8ea7-4d37-a700-28da8b02b7c5', 'DUMMY-LES-001-6a51', '2026-05-26', '11:00', '12:30', 'TCH-012', 'DS150', 'Completed', 'Tutor', 90, NULL, 'Tutor unassigned & class is beyond a week from today', NULL),
('c82ecb99-922c-410f-a30d-74bea4680c49', 'DUMMY-LES-002-5c8e', '2026-06-11', '11:00', '12:30', '226293', 'CRS-STEM-BASICS-TC01', 'Scheduled', 'Tutor', 90, NULL, 'Tutor unassigned & class is beyond a week from today', NULL),
('fa0063a9-0425-4d27-99f8-8d89116b6032', 'DUMMY-LES-003-113c', '2026-05-10', '13:00', '14:30', 'TCH-001', 'CVE210', 'Completed', 'Tutor', 90, NULL, 'Tutor unassigned & class is beyond a week from today', NULL),
('a302e605-4052-4a3a-bd6e-129ac3fd3eda', 'DUMMY-LES-004-7749', '2026-06-12', '17:00', '18:30', '255399', 'CS101', 'Rescheduled', 'Teaching Assistant', 90, NULL, 'Tutor unassigned & class is beyond a week from today', NULL),
('f89c2e80-f972-46b8-9ebf-f518d9bdba04', 'DUMMY-LES-005-b17b', '2026-06-27', '10:00', '11:30', '255399', 'DS150', 'Scheduled', 'Tutor', 90, NULL, 'Tutor unassigned & class is beyond a week from today', NULL),
('b4951b24-a210-4917-af76-50f6467bda5c', 'DUMMY-LES-006-6018', '2026-05-06', '13:00', '14:30', 'TCH-012', 'CS101', 'Cancelled', 'Tutor', 90, NULL, 'Tutor unassigned & class is beyond a week from today', NULL),
('7825a49e-c4cf-46dc-9d0f-b1705ec0df69', 'DUMMY-LES-007-665f', '2026-05-24', '15:00', '16:30', 'TCH-001', 'CS101', 'Completed', 'Tutor', 90, NULL, 'Tutor unassigned & class is beyond a week from today', NULL),
('ed096645-afaf-4ad6-bd66-12162daf5553', 'DUMMY-LES-008-0770', '2026-06-15', '14:00', '15:30', 'TCH-001', 'CVE210', 'Rescheduled', 'Tutor', 90, NULL, 'Tutor unassigned & class is beyond a week from today', NULL),
('5005c8dd-8aa9-4433-93c9-e07ff079bbba', 'DUMMY-LES-009-99e1', '2026-06-08', '15:00', '16:30', '226293', 'DS150', 'Rescheduled', 'Teaching Assistant', 90, NULL, 'Tutor unassigned & class is beyond a week from today', NULL),
('19f22a3e-f463-4af6-bf09-a7e273dc3092', 'DUMMY-LES-010-46c7', '2026-06-24', '16:00', '17:30', '255399', 'DS150', 'Scheduled', 'Teaching Assistant', 90, NULL, 'Tutor unassigned & class is beyond a week from today', NULL),
('0863083c-d6b2-441c-90e4-8b87779e1952', 'DUMMY-LES-011-ede3', '2026-05-04', '09:00', '10:30', 'TCH-012', 'CRS-CREATIVE-WRITING-TC08', 'Cancelled', 'Tutor', 90, NULL, 'Tutor unassigned & class is beyond a week from today', NULL),
('384b91d8-06bd-46ec-92e7-97e849b5e8f9', 'DUMMY-LES-012-82ae', '2026-06-06', '13:00', '14:30', 'TCH-016', 'DS150', 'Rescheduled', 'Tutor', 90, NULL, 'Tutor unassigned & class is beyond a week from today', NULL),
('1c9f2830-c296-46f5-9a76-9c01337f50a5', 'DUMMY-LES-013-1099', '2026-06-02', '16:00', '17:30', '226293', 'CRS-STEM-BASICS-TC01', 'Rescheduled', 'Teaching Assistant', 90, NULL, 'Tutor unassigned & class is beyond a week from today', NULL),
('98a5b8c5-2a66-408f-8622-04650604364e', 'DUMMY-LES-014-49cf', '2026-05-17', '17:00', '18:30', 'TCH-016', 'CS101', 'Completed', 'Teaching Assistant', 90, NULL, 'Tutor unassigned & class is beyond a week from today', NULL),
('8761c32d-aac0-4205-996b-94f554827be5', 'DUMMY-LES-015-2bc3', '2026-05-19', '10:00', '11:30', '226293', 'CVE210', 'Cancelled', 'Teaching Assistant', 90, NULL, 'Tutor unassigned & class is beyond a week from today', NULL),
('de9389ad-97b5-4110-90bd-2f5d329a4259', 'DUMMY-LES-016-b76a', '2026-05-29', '17:00', '18:30', 'TCH-012', 'DS150', 'Scheduled', 'Teaching Assistant', 90, NULL, 'Tutor unassigned & class is beyond a week from today', NULL),
('4fed0be4-ded2-4c8f-94a0-8847517d992d', 'DUMMY-LES-017-9b5e', '2026-06-11', '11:00', '12:30', '226293', 'CS101', 'Scheduled', 'Teaching Assistant', 90, NULL, 'Tutor unassigned & class is beyond a week from today', NULL),
('7376585c-234c-4606-86be-069b87627b35', 'DUMMY-LES-018-0ced', '2026-05-17', '17:00', '18:30', 'TCH-016', 'CRS-CREATIVE-WRITING-TC08', 'Cancelled', 'Tutor', 90, NULL, 'Tutor unassigned & class is beyond a week from today', NULL),
('60144197-00f1-43b5-9093-9a7288c654b3', 'DUMMY-LES-019-1873', '2026-06-12', '15:00', '16:30', '226293', 'CVE210', 'Scheduled', 'Teaching Assistant', 90, NULL, 'Tutor unassigned & class is beyond a week from today', NULL),
('279e3090-0353-45c3-a8a5-fb9d3f1bc7b5', 'DUMMY-LES-020-a7df', '2026-05-03', '16:00', '17:30', 'TCH-001', 'CRS-CREATIVE-WRITING-TC08', 'Cancelled', 'Teaching Assistant', 90, NULL, 'Tutor unassigned & class is beyond a week from today', NULL),
('da810586-1949-48a0-9b25-916de230cae1', 'DUMMY-LES-021-7ec7', '2026-04-29', '11:00', '12:30', '226293', 'CS101', 'Completed', 'Tutor', 90, NULL, 'Tutor unassigned & class is beyond a week from today', NULL),
('43bd14da-3840-4aa8-a6a1-91b418c91c82', 'DUMMY-LES-022-081e', '2026-05-23', '13:00', '14:30', 'TCH-012', 'CVE210', 'Cancelled', 'Teaching Assistant', 90, NULL, 'Tutor unassigned & class is beyond a week from today', NULL),
('1870baed-8749-48ba-a890-c5e5605e674c', 'DUMMY-LES-023-5f9a', '2026-05-07', '10:00', '11:30', 'TCH-016', 'CRS-STEM-BASICS-TC01', 'Cancelled', 'Tutor', 90, NULL, 'Tutor unassigned & class is beyond a week from today', NULL),
('f7f6514b-9bfa-4016-a494-36d590dea0d3', 'DUMMY-LES-024-0aa0', '2026-05-31', '10:00', '11:30', 'TCH-016', 'CRS-CREATIVE-WRITING-TC08', 'Rescheduled', 'Teaching Assistant', 90, NULL, 'Tutor unassigned & class is beyond a week from today', NULL),
('d08615d9-e387-488a-a299-f965c7aba37f', 'DUMMY-LES-025-decf', '2026-05-01', '15:00', '16:30', 'TCH-001', 'CVE210', 'Completed', 'Tutor', 90, NULL, 'Tutor unassigned & class is beyond a week from today', NULL),
('59b709e3-5ab7-42d1-83ea-560e6425b3f1', 'DUMMY-LES-026-1b99', '2026-06-08', '15:00', '16:30', '226293', 'CS101', 'Scheduled', 'Tutor', 90, NULL, 'Tutor unassigned & class is beyond a week from today', NULL),
('0c2c0f8b-3103-440c-99b4-99a6aee5fe13', 'DUMMY-LES-027-6a55', '2026-05-01', '11:00', '12:30', 'TCH-001', 'CS101', 'Completed', 'Tutor', 90, NULL, 'Tutor unassigned & class is beyond a week from today', NULL),
('dbb6520d-0f06-4616-9f4a-84d8772b6455', 'DUMMY-LES-028-cbf0', '2026-06-27', '15:00', '16:30', '255399', 'DS150', 'Rescheduled', 'Teaching Assistant', 90, NULL, 'Tutor unassigned & class is beyond a week from today', NULL),
('35fbe7b0-99c9-4332-84fa-3d4dd5468bd4', 'DUMMY-LES-029-beb6', '2026-06-18', '11:00', '12:30', 'TCH-001', 'CS101', 'Rescheduled', 'Teaching Assistant', 90, NULL, 'Tutor unassigned & class is beyond a week from today', NULL),
('d65d5508-b5d3-4779-8142-28717e77ce90', 'DUMMY-LES-030-af5e', '2026-06-07', '14:00', '15:30', 'TCH-016', 'CS101', 'Rescheduled', 'Tutor', 90, NULL, 'Tutor unassigned & class is beyond a week from today', NULL),
('ef2b50a8-a910-4192-b6ce-bcfc3dad879b', 'DUMMY-LES-031-c473', '2026-04-28', '10:00', '11:30', 'TCH-001', 'CRS-STEM-BASICS-TC01', 'Completed', 'Tutor', 90, NULL, 'Tutor unassigned & class is beyond a week from today', NULL),
('044a33c8-4fe6-451d-8639-7249d084fbdb', 'DUMMY-LES-032-6b87', '2026-06-13', '10:00', '11:30', '226293', 'CS101', 'Rescheduled', 'Tutor', 90, NULL, 'Tutor unassigned & class is beyond a week from today', NULL),
('198f276c-b5a7-41b4-a4c9-41020da7112a', 'DUMMY-LES-033-6dce', '2026-06-03', '12:00', '13:30', 'TCH-016', 'CS101', 'Rescheduled', 'Tutor', 90, NULL, 'Tutor unassigned & class is beyond a week from today', NULL),
('d6745ba1-df3e-457a-bfc0-67be44735f90', 'DUMMY-LES-034-d832', '2026-05-30', '13:00', '14:30', 'TCH-001', 'CRS-STEM-BASICS-TC01', 'Scheduled', 'Tutor', 90, NULL, 'Tutor unassigned & class is beyond a week from today', NULL),
('686d4a2c-af71-4df0-b1a1-ccd620d39ae2', 'DUMMY-LES-035-0996', '2026-06-09', '16:00', '17:30', '255399', 'CRS-STEM-BASICS-TC01', 'Scheduled', 'Tutor', 90, NULL, 'Tutor unassigned & class is beyond a week from today', NULL),
('bad3a0a8-ba96-4ef9-8e77-77a2c04198b5', 'DUMMY-LES-036-8efe', '2026-06-14', '12:00', '13:30', 'TCH-016', 'CS101', 'Scheduled', 'Tutor', 90, NULL, 'Tutor unassigned & class is beyond a week from today', NULL),
('0da4d7d1-be97-45f0-8011-51bc8dde0b94', 'DUMMY-LES-037-dcb6', '2026-05-30', '13:00', '14:30', 'TCH-012', 'CRS-STEM-BASICS-TC01', 'Rescheduled', 'Teaching Assistant', 90, NULL, 'Tutor unassigned & class is beyond a week from today', NULL),
('f4eb9d1b-ab5f-42dc-b60e-d10ab43e987e', 'DUMMY-LES-038-3503', '2026-05-31', '10:00', '11:30', 'TCH-012', 'CRS-STEM-BASICS-TC01', 'Scheduled', 'Tutor', 90, NULL, 'Tutor unassigned & class is beyond a week from today', NULL),
('ba6e0da9-d25c-4750-9a9b-393449d9e0af', 'DUMMY-LES-039-b04c', '2026-05-13', '13:00', '14:30', 'TCH-001', 'CS101', 'Completed', 'Tutor', 90, NULL, 'Tutor unassigned & class is beyond a week from today', NULL),
('9f8fb735-200d-42b7-834f-aa2f0ce63c3d', 'L001', '2026-05-21', '09:00', '10:30', NULL, NULL, 'Completed', 'Tutor', 90, NULL, 'Tutor assigned', NULL),
('331b64ab-4d16-4624-9272-e3f4952226a7', 'L002', '2026-05-20', '14:00', '15:00', NULL, NULL, 'Completed', 'Teaching Assistant', 60, NULL, 'Tutor assigned', NULL),
('9ba3cda7-4549-4d21-a9d1-304049483525', 'L003', '2026-05-22', '11:00', '12:30', NULL, NULL, 'Scheduled', 'Tutor', 90, NULL, 'Tutor assigned', NULL),
('aae91cb5-3db6-40ec-850f-b5da65358bf0', 'L004', '2026-05-23', '16:00', '17:00', NULL, NULL, 'Scheduled', 'Teaching Assistant', 60, NULL, 'Tutor assigned', NULL),
('89bce0a3-b3df-4f5c-830c-41356abe1e6b', 'LES-20250623-0930-B01', '2025-06-23', '09:30', '12:30', NULL, 'ENG301', 'Scheduled', 'Tutor', 180, NULL, 'Tutor unassigned & class is within a week of today', NULL),
('34a915a8-82c8-48e2-9e76-467da761c86c', 'LES-20251003-1530-TEST', '2025-10-03', '15:30', '17:00', 'TCH-TEST', 'ENG301', 'Scheduled', 'Tutor', 90, NULL, 'Tutor assigned', NULL),
('5dedf897-c3ec-4a00-9716-ed38dfe0a881', 'LES-20260510-1000-TC02', '2026-05-10', '10:00', '12:00', NULL, NULL, 'Scheduled', NULL, 120, NULL, 'Tutor assigned', NULL),
('e091e928-6301-463f-bb3e-bfbb914881a7', 'LES-20260601-1350-AR-TEST', '2026-06-01', '13:50', '15:00', 'TCH-001', 'ENG301', 'Scheduled', 'Tutor', 70, NULL, 'Tutor assigned', NULL),
('c490f6bf-9a6b-4b0d-b416-d09bb9055620', 'LES-20260606-1000-ARW', '2026-06-06', '10:00', '12:00', 'Hansen Geraldi', 'ENG301', 'Scheduled', 'Tutor', 120, NULL, 'Tutor assigned', NULL),
('8c2a4cd1-38e7-44c7-b991-145388d1653f', 'LES-20260608-1350-AR-TEST', '2026-06-08', '13:50', '15:00', NULL, 'ENG301', 'Scheduled', 'Tutor', 70, NULL, 'Tutor assigned', NULL),
('90e6464b-cc26-4c78-be87-221f16b93fb1', 'LES-20260610-1000-ARW', '2026-06-10', '10:00', '12:00', NULL, 'ENG301', 'Scheduled', NULL, 120, NULL, 'Tutor assigned', NULL),
('d476f6e2-949a-45b3-812a-d18a9f76f933', 'LES-20260610-1430-TC01', '2026-06-10', '14:30', '16:00', NULL, NULL, 'Scheduled', NULL, 90, NULL, 'Tutor assigned', NULL),
('f8e8ba82-3475-48cd-bf09-22afdbea8f8f', 'LES-20260615-0900-TC03', '2026-06-15', '09:00', '11:00', NULL, NULL, 'Scheduled', NULL, 120, NULL, 'Tutor assigned', NULL),
('1097a63e-f035-49e5-921b-eb1b76c420c7', 'LES-20260615-1000-B11', '2026-06-15', '10:00', '12:00', 'TCH-001', 'ENG301', 'Scheduled', 'Tutor', 120, NULL, 'Tutor unassigned & class is within a week of today', NULL),
('67df173a-9c2c-4190-8959-67a7c60fd187', 'LES-20260615-1350-AR-TEST', '2026-06-15', '13:50', '15:00', NULL, 'ENG301', 'Scheduled', 'Tutor', 70, NULL, 'Tutor unassigned & class is within a week of today', NULL),
('8f0d6b32-f804-4027-92be-db7d7fab872e', 'LES-20260616-1000-B12', '2026-06-16', '10:00', '12:00', NULL, 'CS101', 'Scheduled', NULL, 120, NULL, 'Tutor assigned', NULL),
('35da80f4-7a8e-455a-a119-dee691551117', 'LES-20260620-0930-TC07', '2026-06-20', '09:30', '11:00', NULL, NULL, 'Scheduled', NULL, 90, NULL, 'Tutor unassigned & class is beyond a week from today', NULL),
('26432c91-3b8d-4ba0-9d93-4a4cf0312e9f', 'LES-20260625-0900-B01', '2026-06-25', '09:00', '11:00', NULL, 'AI201', 'Scheduled', NULL, 120, NULL, 'Tutor unassigned & class is beyond a week from today', NULL),
('8c3ebe68-2a5b-460f-8606-7dc932c1407e', 'LES-20260626-1400-B02', '2026-06-26', '14:00', '16:00', NULL, 'CS101', 'Scheduled', NULL, 120, NULL, 'Tutor unassigned & class is beyond a week from today', NULL),
('16fe88a3-d178-4233-94ed-aee4cb6e5767', 'LES-20260627-1000-B03', '2026-06-27', '10:00', '12:00', NULL, 'DS150', 'Scheduled', NULL, 120, NULL, 'Tutor unassigned & class is beyond a week from today', NULL),
('3770dd52-b757-4753-a8db-7887924eb806', 'LES-20260628-1300-B04', '2026-06-28', '13:00', '15:30', NULL, 'ENG301', 'Scheduled', NULL, 150, NULL, 'Tutor unassigned & class is beyond a week from today', NULL),
('6a578c30-8822-4e33-bc3d-78fc63809917', 'LES-20260630-0930-B05', '2026-06-30', '09:30', '11:30', NULL, 'CVE210', 'Scheduled', NULL, 120, NULL, 'Tutor unassigned & class is beyond a week from today', NULL),
('93b0aa9b-881e-4eb9-9755-6b77968ce665', 'LES-20260701-1300-TC04', '2026-07-01', '13:00', '14:30', NULL, NULL, 'Scheduled', NULL, 90, NULL, 'Tutor unassigned & class is beyond a week from today', NULL),
('fbcbdc0b-c5ed-4df6-b518-182866f1b316', 'LES-20260702-1400-B06', '2026-07-02', '14:00', '16:00', NULL, 'CRS-CREATIVE-WRITING-TC08', 'Scheduled', NULL, 120, NULL, 'Tutor unassigned & class is beyond a week from today', NULL),
('a5eba581-9521-46b4-b7db-f6ead0879a9c', 'LES-20260703-1000-B07', '2026-07-03', '10:00', '11:30', NULL, 'CRS-STEM-BASICS-TC01', 'Scheduled', NULL, 90, NULL, 'Tutor unassigned & class is within a week of today', NULL),
('a2f79dc6-89bd-4c15-9c7c-f087cb0357d8', 'LES-20260705-0900-B08', '2026-07-05', '09:00', '11:00', NULL, 'SE420', 'Scheduled', NULL, 120, NULL, 'Tutor unassigned & class is within a week of today', NULL),
('24a37de4-feb6-454e-93e2-4414f92231f4', 'LES-20260707-1400-B09', '2026-07-07', '14:00', '16:30', NULL, 'AI201', 'Scheduled', NULL, 150, NULL, 'Tutor unassigned & class is within a week of today', NULL),
('5ad484ba-4f01-4707-85b2-b4fdb908b154', 'LES-20260708-1000-B10', '2026-07-08', '10:00', '12:00', NULL, 'CS101', 'Scheduled', NULL, 120, NULL, 'Tutor unassigned & class is within a week of today', NULL),
('368a02eb-2ee7-4606-ab6e-61a0c33c8ba4', 'LES-20260710-1400-TC09', '2026-07-10', '14:00', '16:00', NULL, NULL, 'Scheduled', NULL, 120, NULL, 'Tutor unassigned & class is beyond a week from today', NULL),
('fe24204d-8153-4479-9383-18f145390d6d', 'LES-20260710-AR-01', '2026-07-10', '10:00', '12:00', 'Hansen Geraldi', 'ENG301', 'Scheduled', 'Tutor', 120, NULL, 'Tutor assigned', NULL),
('bb313d4c-ffea-436d-a6af-35229ee0077e', 'LES-20251010-1530-ROB', '2025-10-10', '15:30', '17:00', 'TCH-TEST', 'ENG301', 'Scheduled', 'Tutor', 90, NULL, 'Tutor assigned', NULL),
('060b8c09-6eb6-45bb-a41b-07fe226f5487', 'LES-20251017-1530-ROB', '2025-10-17', '15:30', '17:00', 'TCH-TEST', 'ENG301', 'Scheduled', 'Tutor', 90, NULL, 'Tutor assigned', NULL),
('5c9021a1-3b44-4c2d-bc84-c3fdc29805da', 'LES-20251024-1530-ROB', '2025-10-24', '15:30', '17:00', 'TCH-TEST', 'ENG301', 'Scheduled', 'Tutor', 90, NULL, 'Tutor assigned', NULL),
('3f84a74d-a155-45b9-94f3-054df85ba0e5', 'LES-20251031-1530-ROB', '2025-10-31', '15:30', '17:00', 'TCH-TEST', 'ENG301', 'Scheduled', 'Tutor', 90, NULL, 'Tutor assigned', NULL),
('0ae9d2c3-ad9e-4fe8-b281-50f153181ccb', 'LES-20251107-1530-ROB', '2025-11-07', '15:30', '17:00', 'TCH-TEST', 'ENG301', 'Scheduled', 'Tutor', 90, NULL, 'Tutor assigned', NULL),
('27765496-9084-45cd-b690-bdb5ea6ad544', 'LES-20251205-1530-ROB', '2025-12-05', '15:30', '17:00', 'TCH-TEST', 'ENG301', 'Scheduled', 'Tutor', 90, NULL, 'Tutor assigned', NULL),
('7aed6058-ef04-48bf-b904-5a37df9bcc43', 'LES-20251212-1530-ROB', '2025-12-12', '15:30', '17:00', 'TCH-TEST', 'ENG301', 'Scheduled', 'Tutor', 90, NULL, 'Tutor assigned', NULL),
('d262e2da-5922-401c-ae8b-08f0ff51e3da', 'LES-20251003-1530-ROB-V2', '2025-10-03', '15:30', '17:00', NULL, 'ENG301', 'Scheduled', 'Tutor', 90, NULL, 'Tutor unassigned & class is beyond a week from today', NULL),
('b098bda5-a654-4f6a-9e3b-ecf5d00e9ab1', 'LES-20251010-1530-ROB-V2', '2025-10-10', '15:30', '17:00', NULL, 'ENG301', 'Scheduled', 'Tutor', 90, NULL, 'Tutor unassigned & class is beyond a week from today', NULL),
('9c929b2e-6009-4c21-b4b7-165e33b298be', 'LES-20251017-1530-ROB-V2', '2025-10-17', '15:30', '17:00', NULL, 'ENG301', 'Scheduled', 'Tutor', 90, NULL, 'Tutor unassigned & class is beyond a week from today', NULL),
('0b30f7d0-28c0-433c-bfd6-c86dd0e341ca', 'LES-20251024-1530-ROB-V2', '2025-10-24', '15:30', '17:00', NULL, 'ENG301', 'Scheduled', 'Tutor', 90, NULL, 'Tutor unassigned & class is beyond a week from today', NULL),
('6ac22a49-5b93-40df-b57a-284c45d90c8d', 'LES-20251031-1530-ROB-V2', '2025-10-31', '15:30', '17:00', NULL, 'ENG301', 'Scheduled', 'Tutor', 90, NULL, 'Tutor unassigned & class is beyond a week from today', NULL),
('7062e6a4-d5b2-41de-8fde-8ce53967afda', 'LES-20251107-1530-ROB-V2', '2025-11-07', '15:30', '17:00', NULL, 'ENG301', 'Scheduled', 'Tutor', 90, NULL, 'Tutor unassigned & class is beyond a week from today', NULL),
('de99fa43-9ce6-4f54-b527-3ae0f98fc63e', 'LES-20251205-1530-ROB-V2', '2025-12-05', '15:30', '17:00', NULL, 'ENG301', 'Scheduled', 'Tutor', 90, NULL, 'Tutor unassigned & class is beyond a week from today', NULL),
('949fab80-0de4-4ee8-b225-f8c8e577e48c', 'LES-20251212-1530-ROB-V2', '2025-12-12', '15:30', '17:00', NULL, 'ENG301', 'Scheduled', 'Tutor', 90, NULL, 'Tutor unassigned & class is beyond a week from today', NULL),
('2175baa6-e9ca-466f-99a0-65292aa985c2', 'LES-20260630-0900-ARW-TEST', '2026-06-30', '09:00', '12:00', NULL, 'ENG301', 'Scheduled', NULL, 180, NULL, 'Tutor unassigned & class is beyond a week from today', NULL),
('4d4892de-a7fe-4c41-8af7-5b59b8092583', NULL, '2026-06-15', '09:00', '12:00', NULL, 'ENG301', 'Scheduled', NULL, 180, NULL, NULL, NULL),
('ecde8da9-bb88-419f-97da-681b11e9f171', NULL, '2026-06-15', '09:00', '12:00', NULL, 'CRS-STEM-BASICS-TC01', 'Scheduled', 'Tutor', 180, NULL, NULL, NULL),
('3c79aa4e-3e4d-4356-b2c8-1a3e8321524b', NULL, '2026-07-21', '09:00', '12:00', NULL, 'ENG301', 'Scheduled', NULL, 180, NULL, NULL, NULL),
('b4ce941d-05cc-40e4-82dd-6c1d790878c7', NULL, '2026-07-19', '09:00', '12:00', NULL, 'ENG301', 'Scheduled', NULL, 180, NULL, NULL, NULL),
('082e6278-66f0-4bd2-b972-77acadd021b3', NULL, '2026-07-19', '09:00', '12:00', NULL, 'ENG301', 'Scheduled', NULL, 180, NULL, NULL, NULL),
('90db08b8-ae91-4cfe-9d80-89489c659c32', NULL, '2026-07-19', '09:00', '12:00', NULL, 'ENG301', NULL, 'Tutor', 180, NULL, NULL, NULL),
('009770c6-925f-42f8-8f2d-74b84ea7646b', NULL, '2026-07-10', NULL, NULL, 'TCH-001', NULL, NULL, NULL, NULL, NULL, 'Tutor unassigned & class is within a week of today', NULL),
('b836756a-faa2-4478-a808-65f89c2a2dd0', NULL, '2026-07-15', '10:00', '11:00', 'TCH-001', NULL, 'Scheduled', NULL, 60, NULL, 'Tutor unassigned & class is within a week of today', '2026-05-31 14:44'),
('14bb9c65-fed3-4861-bd0a-056d1c0ba679', NULL, '2026-07-10', '09:00', '12:00', NULL, NULL, 'Scheduled', 'Tutor', 180, NULL, 'Tutor unassigned & class is within a week of today', NULL),
('34fd35c3-3150-44cf-8c1e-a59926897ca9', NULL, '2026-07-11', '09:00', '12:00', NULL, 'ENG301', 'Scheduled', NULL, 180, NULL, 'Tutor unassigned & class is within a week of today', NULL),
('19a1cf38-8d4e-48ee-9004-af02a247c2ab', NULL, '2026-10-10', '09:00', '12:00', 'TCH-001', 'ENG301', 'Scheduled', NULL, 180, NULL, 'Tutor assigned', NULL),
('83cf05ee-0580-4be3-ba5a-39c7dc483abd', 'TEST-ROB-20260817', '2026-08-17', '09:00', '12:00', NULL, 'ENG301', 'Scheduled', NULL, 180, NULL, NULL, NULL),
('16ee8078-886a-4287-9948-6664cace0c40', NULL, '2026-07-18', '09:00', '12:00', NULL, 'ENG301', 'Scheduled', NULL, 180, NULL, NULL, NULL),
('ee65efe7-8880-46ef-a1a7-2a622dcf495a', NULL, '2026-06-18', '09:00', '12:00', NULL, 'ENG301', 'Scheduled', 'Tutor', 180, NULL, NULL, NULL),
('31aa4cb2-21db-4f07-8ddd-c774cfaf6b9f', NULL, '2026-07-15', '09:00', '12:00', NULL, 'ENG301', 'Scheduled', 'Tutor', 180, NULL, 'Tutor unassigned & class is beyond a week from today', '2026-06-09 05:55'),
('4efdba2c-5342-4447-92b2-2b5b14275a74', 'LES-20260712-0900-TEST', '2026-07-12', '09:00', '12:00', NULL, 'DS150', 'Scheduled', NULL, 180, NULL, 'Tutor unassigned & class is beyond a week from today', '2026-06-09 09:00'),
('2db05456-98d9-40ee-96f5-abb3d9db7bf3', 'LES-20260711-0900-PY-TEST', '2026-07-11', '09:00', '12:00', 'TCH-001', 'CS101', NULL, NULL, 180, NULL, 'Tutor assigned', '2026-06-10 01:47'),
('03b0cb3a-c7f0-4298-a921-1981b3c406ce', 'LES-20260619-0900-SE', '2026-06-19', '09:00', '12:00', '255399', 'SE420', NULL, NULL, 180, NULL, 'Tutor assigned', '2026-06-10 07:01'),
('8a2e337f-e29d-4557-875c-1767e39e1498', 'LES-20260626-0900-SD-TEST', '2026-06-26', '09:00', '12:00', 'TCH-001', 'DS150', 'Scheduled', NULL, 180, NULL, 'Tutor assigned', '2026-06-12 05:58'),
('41f25932-72d2-476c-982e-6912f64bcfb6', 'LES-20260627-0900-TEST', '2026-06-27', '09:00', '12:00', '255399', 'ENG301', 'Scheduled', NULL, 180, NULL, 'Tutor assigned', '2026-06-15 10:43');

insert into public.lesson_tutor_offers (lesson_id, teacher_id, offer_status, responded_at, last_send_result) values
('e3a3d618-e07f-48ba-89d1-757255691080', 'TCH-003', 'accepted', '2026-06-01 14:36', 'Accepted (imported)'),
('e3a3d618-e07f-48ba-89d1-757255691080', 'TCH-004', 'accepted', '2026-06-01 14:36', 'Accepted (imported)'),
('e3a3d618-e07f-48ba-89d1-757255691080', 'TCH-001', 'accepted', '2026-06-01 14:36', 'Accepted (imported)'),
('e3a3d618-e07f-48ba-89d1-757255691080', 'TCH-008', 'accepted', '2026-06-01 14:36', 'Accepted (imported)'),
('b836756a-faa2-4478-a808-65f89c2a2dd0', 'TCH-001', 'accepted', '2026-05-31 14:44', 'Accepted (imported)'),
('b836756a-faa2-4478-a808-65f89c2a2dd0', '226293', 'accepted', '2026-05-31 14:44', 'Accepted (imported)'),
('b836756a-faa2-4478-a808-65f89c2a2dd0', '255399', 'accepted', '2026-05-31 14:44', 'Accepted (imported)'),
('03b0cb3a-c7f0-4298-a921-1981b3c406ce', 'TCH-001', 'accepted', '2026-06-10 07:01', 'Accepted (imported)'),
('03b0cb3a-c7f0-4298-a921-1981b3c406ce', '255399', 'accepted', '2026-06-10 07:01', 'Accepted (imported)'),
('8a2e337f-e29d-4557-875c-1767e39e1498', 'TCH-001', 'accepted', '2026-06-12 05:58', 'Accepted (imported)'),
('8a2e337f-e29d-4557-875c-1767e39e1498', '226293', 'accepted', '2026-06-12 05:58', 'Accepted (imported)'),
('41f25932-72d2-476c-982e-6912f64bcfb6', '255399', 'accepted', '2026-06-15 10:43', 'Accepted (imported)'),
('41f25932-72d2-476c-982e-6912f64bcfb6', 'TCH-001', 'accepted', '2026-06-15 10:43', 'Accepted (imported)')
on conflict (lesson_id, teacher_id) do nothing;

commit;